,LINE,EAST,NRTH,res_TMI
0,2,4.0,-89.58,-15.5
1,2,4.0,-89.18,-15.98
2,2,4.0,-88.78,-16.45
3,2,4.0,-88.38,-16.88
4,2,4.0,-87.98,-17.36
5,2,4.0,-87.58,-18.04
6,2,4.0,-87.18,-18.66
7,2,4.0,-86.78,-19.01
8,2,4.0,-86.38,-19.24
9,2,4.0,-85.98,-19.35
10,2,4.0,-85.58,-19.63
11,2,4.0,-85.18,-20.23
12,2,4.0,-84.78,-20.86
13,2,4.0,-84.38,-21.38
14,2,4.0,-83.98,-21.99
15,2,4.0,-83.58,-22.84
16,2,4.0,-83.18,-23.95
17,2,4.0,-82.78,-25.39
18,2,4.0,-82.38,-26.68
19,2,4.0,-81.98,-27.3
20,2,4.0,-81.58,-27.47
21,2,4.0,-81.18,-27.26
22,2,4.0,-80.78,-27.27
23,2,4.0,-80.38,-27.87
24,2,4.0,-79.98,-28.93
25,2,4.0,-79.58,-30.34
26,2,4.0,-79.18,-31.59
27,2,4.0,-78.78,-32.51
28,2,4.0,-78.38,-33.68
29,2,4.0,-77.98,-35.34
30,2,4.0,-77.58,-36.78
31,2,4.0,-77.18,-37.78
32,2,4.0,-76.78,-38.71
33,2,4.0,-76.38,-39.56
34,2,4.0,-75.98,-40.53
35,2,4.0,-75.58,-41.88
36,2,4.0,-75.18,-43.05
37,2,4.0,-74.78,-43.63
38,2,4.0,-74.38,-44.56
39,2,4.0,-73.98,-46.05
40,2,4.0,-73.58,-47.57
41,2,4.0,-73.18,-49.07
42,2,4.0,-72.78,-50.55
43,2,4.0,-72.38,-51.96
44,2,4.0,-71.98,-53.4
45,2,4.0,-71.58,-54.97
46,2,4.0,-71.18,-56.46
47,2,4.0,-70.78,-57.64
48,2,4.0,-70.38,-58.58
49,2,4.0,-69.98,-59.35
50,2,4.0,-69.58,-60.16
51,2,4.0,-69.18,-61.13
52,2,4.0,-68.78,-62.31
53,2,4.0,-68.38,-63.69
54,2,4.0,-67.98,-65.07
55,2,4.0,-67.58,-66.35
56,2,4.0,-67.18,-67.44
57,2,4.0,-66.78,-68.09
58,2,4.0,-66.38,-68.35
59,2,4.0,-65.98,-68.51
60,2,4.0,-65.58,-68.79
61,2,4.0,-65.18,-69.27
62,2,4.0,-64.78,-69.45
63,2,4.0,-64.38,-68.99
64,2,4.0,-63.98,-68.39
65,2,4.0,-63.58,-67.87
66,2,4.0,-63.18,-67.28
67,2,4.0,-62.78,-66.61
68,2,4.0,-62.38,-65.86
69,2,4.0,-61.98,-65.01
70,2,4.0,-61.58,-64.08
71,2,4.0,-61.18,-63.07
72,2,4.0,-60.78,-61.77
73,2,4.0,-60.38,-60.11
74,2,4.0,-59.98,-58.19
75,2,4.0,-59.58,-56.15
76,2,4.0,-59.18,-54.17
77,2,4.0,-58.78,-52.28
78,2,4.0,-58.38,-50.34
79,2,4.0,-57.98,-48.31
80,2,4.0,-57.58,-45.75
81,2,4.0,-57.18,-42.01
82,2,4.0,-56.78,-38.66
83,2,4.0,-56.38,-36.32
84,2,4.0,-55.98,-33.99
85,2,4.0,-55.58,-31.63
86,2,4.0,-55.18,-29.2
87,2,4.0,-54.78,-26.71
88,2,4.0,-54.38,-24.16
89,2,4.0,-53.98,-21.6
90,2,4.0,-53.58,-19.32
91,2,4.0,-53.18,-17.51
92,2,4.0,-52.78,-15.89
93,2,4.0,-52.38,-14.32
94,2,4.0,-51.98,-12.94
95,2,4.0,-51.58,-11.74
96,2,4.0,-51.18,-10.54
97,2,4.0,-50.78,-9.23
98,2,4.0,-50.38,-8.01
99,2,4.0,-49.98,-7.14
100,2,4.0,-49.58,-6.48
101,2,4.0,-49.18,-5.88
102,2,4.0,-48.78,-5.53
103,2,4.0,-48.38,-5.52
104,2,4.0,-47.98,-5.5
105,2,4.0,-47.58,-5.33
106,2,4.0,-47.18,-5.08
107,2,4.0,-46.78,-4.69
108,2,4.0,-46.38,-4.42
109,2,4.0,-45.98,-4.38
110,2,4.0,-45.58,-4.41
111,2,4.0,-45.18,-4.51
112,2,4.0,-44.78,-4.8
113,2,4.0,-44.38,-5.36
114,2,4.0,-43.98,-5.84
115,2,4.0,-43.58,-6.0
116,2,4.0,-43.18,-6.0
117,2,4.0,-42.78,-5.88
118,2,4.0,-42.38,-5.84
119,2,4.0,-41.98,-6.03
120,2,4.0,-41.58,-6.59
121,2,4.0,-41.18,-7.68
122,2,4.0,-40.78,-8.5
123,2,4.0,-40.38,-8.75
124,2,4.0,-39.98,-9.06
125,2,4.0,-39.58,-9.48
126,2,4.0,-39.18,-10.03
127,2,4.0,-38.78,-10.85
128,2,4.0,-38.38,-11.62
129,2,4.0,-37.98,-12.03
130,2,4.0,-37.58,-11.93
131,2,4.0,-37.18,-11.31
132,2,4.0,-36.78,-10.74
133,2,4.0,-36.38,-10.53
134,2,4.0,-35.98,-10.87
135,2,4.0,-35.58,-11.58
136,2,4.0,-35.18,-12.23
137,2,4.0,-34.78,-12.81
138,2,4.0,-34.38,-13.4
139,2,4.0,-33.98,-14.11
140,2,4.0,-33.58,-14.81
141,2,4.0,-33.18,-15.26
142,2,4.0,-32.78,-15.3
143,2,4.0,-32.38,-14.84
144,2,4.0,-31.98,-14.66
145,2,4.0,-31.58,-15.07
146,2,4.0,-31.18,-15.4
147,2,4.0,-30.78,-15.59
148,2,4.0,-30.38,-15.66
149,3,6.0,-89.58,-14.25
150,3,6.0,-89.18,-14.72
151,3,6.0,-88.78,-15.41
152,3,6.0,-88.38,-16.48
153,3,6.0,-87.98,-17.27
154,3,6.0,-87.58,-17.47
155,3,6.0,-87.18,-17.65
156,3,6.0,-86.78,-17.97
157,3,6.0,-86.38,-18.44
158,3,6.0,-85.98,-19.24
159,3,6.0,-85.58,-19.94
160,3,6.0,-85.18,-20.27
161,3,6.0,-84.78,-20.94
162,3,6.0,-84.38,-22.28
163,3,6.0,-83.98,-23.36
164,3,6.0,-83.58,-23.85
165,3,6.0,-83.18,-24.56
166,3,6.0,-82.78,-25.58
167,3,6.0,-82.38,-26.62
168,3,6.0,-81.98,-27.67
169,3,6.0,-81.58,-28.5
170,3,6.0,-81.18,-28.81
171,3,6.0,-80.78,-29.3
172,3,6.0,-80.38,-30.35
173,3,6.0,-79.98,-31.57
174,3,6.0,-79.58,-32.91
175,3,6.0,-79.18,-34.15
176,3,6.0,-78.78,-35.12
177,3,6.0,-78.38,-36.45
178,3,6.0,-77.98,-38.54
179,3,6.0,-77.58,-40.54
180,3,6.0,-77.18,-42.16
181,3,6.0,-76.78,-43.7
182,3,6.0,-76.38,-45.12
183,3,6.0,-75.98,-46.32
184,3,6.0,-75.58,-47.24
185,3,6.0,-75.18,-48.16
186,3,6.0,-74.78,-49.31
187,3,6.0,-74.38,-50.92
188,3,6.0,-73.98,-52.92
189,3,6.0,-73.58,-54.95
190,3,6.0,-73.18,-56.95
191,3,6.0,-72.78,-59.12
192,3,6.0,-72.38,-61.66
193,3,6.0,-71.98,-63.93
194,3,6.0,-71.58,-65.49
195,3,6.0,-71.18,-67.1
196,3,6.0,-70.78,-69.0
197,3,6.0,-70.38,-70.66
198,3,6.0,-69.98,-71.95
199,3,6.0,-69.58,-73.41
200,3,6.0,-69.18,-75.3
201,3,6.0,-68.78,-77.1
202,3,6.0,-68.38,-78.49
203,3,6.0,-67.98,-80.23
204,3,6.0,-67.58,-82.91
205,3,6.0,-67.18,-84.95
206,3,6.0,-66.78,-85.71
207,3,6.0,-66.38,-86.06
208,3,6.0,-65.98,-86.23
209,3,6.0,-65.58,-86.61
210,3,6.0,-65.18,-87.43
211,3,6.0,-64.78,-88.01
212,3,6.0,-64.38,-87.85
213,3,6.0,-63.98,-87.01
214,3,6.0,-63.58,-85.68
215,3,6.0,-63.18,-84.34
216,3,6.0,-62.78,-83.22
217,3,6.0,-62.38,-81.65
218,3,6.0,-61.98,-79.2
219,3,6.0,-61.58,-76.89
220,3,6.0,-61.18,-75.19
221,3,6.0,-60.78,-72.86
222,3,6.0,-60.38,-69.52
223,3,6.0,-59.98,-66.16
224,3,6.0,-59.58,-63.06
225,3,6.0,-59.18,-59.49
226,3,6.0,-58.78,-55.16
227,3,6.0,-58.38,-50.45
228,3,6.0,-57.98,-45.58
229,3,6.0,-57.58,-40.49
230,3,6.0,-57.18,-35.1
231,3,6.0,-56.78,-29.9
232,3,6.0,-56.38,-25.37
233,3,6.0,-55.98,-21.58
234,3,6.0,-55.58,-18.46
235,3,6.0,-55.18,-14.97
236,3,6.0,-54.78,-10.76
237,3,6.0,-54.38,-6.6
238,3,6.0,-53.98,-2.58
239,3,6.0,-53.58,1.05
240,3,6.0,-53.18,3.74
241,3,6.0,-52.78,5.65
242,3,6.0,-52.38,7.18
243,3,6.0,-51.98,8.18
244,3,6.0,-51.58,8.76
245,3,6.0,-51.18,9.44
246,3,6.0,-50.78,10.3
247,3,6.0,-50.38,11.23
248,3,6.0,-49.98,12.34
249,3,6.0,-49.58,12.91
250,3,6.0,-49.18,12.47
251,3,6.0,-48.78,11.96
252,3,6.0,-48.38,11.78
253,3,6.0,-47.98,11.34
254,3,6.0,-47.58,10.52
255,3,6.0,-47.18,9.55
256,3,6.0,-46.78,8.46
257,3,6.0,-46.38,7.67
258,3,6.0,-45.98,7.54
259,3,6.0,-45.58,7.24
260,3,6.0,-45.18,6.4
261,3,6.0,-44.78,5.24
262,3,6.0,-44.38,3.7
263,3,6.0,-43.98,2.64
264,3,6.0,-43.58,2.53
265,3,6.0,-43.18,2.34
266,3,6.0,-42.78,1.72
267,3,6.0,-42.38,0.86
268,3,6.0,-41.98,-0.22
269,3,6.0,-41.58,-1.38
270,3,6.0,-41.18,-2.6
271,3,6.0,-40.78,-3.76
272,3,6.0,-40.38,-4.82
273,3,6.0,-39.98,-5.78
274,3,6.0,-39.58,-6.61
275,3,6.0,-39.18,-7.6
276,3,6.0,-38.78,-8.96
277,3,6.0,-38.38,-9.87
278,3,6.0,-37.98,-9.97
279,3,6.0,-37.58,-9.85
280,3,6.0,-37.18,-9.65
281,3,6.0,-36.78,-9.44
282,3,6.0,-36.38,-9.34
283,3,6.0,-35.98,-9.82
284,3,6.0,-35.58,-11.39
285,3,6.0,-35.18,-12.81
286,3,6.0,-34.78,-13.43
287,3,6.0,-34.38,-13.94
288,3,6.0,-33.98,-14.31
289,3,6.0,-33.58,-14.74
290,3,6.0,-33.18,-15.39
291,3,6.0,-32.78,-15.82
292,3,6.0,-32.38,-15.83
293,3,6.0,-31.98,-15.7
294,3,6.0,-31.58,-15.44
295,3,6.0,-31.18,-15.34
296,3,6.0,-30.78,-15.71
297,3,6.0,-30.38,-16.02
298,4,8.0,-89.58,-13.28
299,4,8.0,-89.18,-14.07
300,4,8.0,-88.78,-15.05
301,4,8.0,-88.38,-16.23
302,4,8.0,-87.98,-17.4
303,4,8.0,-87.58,-18.42
304,4,8.0,-87.18,-19.02
305,4,8.0,-86.78,-19.28
306,4,8.0,-86.38,-19.53
307,4,8.0,-85.98,-19.76
308,4,8.0,-85.58,-20.19
309,4,8.0,-85.18,-21.23
310,4,8.0,-84.78,-22.58
311,4,8.0,-84.38,-23.92
312,4,8.0,-83.98,-25.01
313,4,8.0,-83.58,-25.51
314,4,8.0,-83.18,-25.98
315,4,8.0,-82.78,-26.77
316,4,8.0,-82.38,-27.79
317,4,8.0,-81.98,-29.08
318,4,8.0,-81.58,-30.16
319,4,8.0,-81.18,-30.81
320,4,8.0,-80.78,-31.79
321,4,8.0,-80.38,-33.22
322,4,8.0,-79.98,-34.68
323,4,8.0,-79.58,-36.15
324,4,8.0,-79.18,-37.57
325,4,8.0,-78.78,-38.92
326,4,8.0,-78.38,-40.42
327,4,8.0,-77.98,-42.32
328,4,8.0,-77.58,-44.57
329,4,8.0,-77.18,-47.05
330,4,8.0,-76.78,-49.11
331,4,8.0,-76.38,-50.55
332,4,8.0,-75.98,-51.95
333,4,8.0,-75.58,-53.45
334,4,8.0,-75.18,-55.0
335,4,8.0,-74.78,-56.79
336,4,8.0,-74.38,-59.02
337,4,8.0,-73.98,-61.62
338,4,8.0,-73.58,-64.16
339,4,8.0,-73.18,-66.43
340,4,8.0,-72.78,-69.08
341,4,8.0,-72.38,-72.55
342,4,8.0,-71.98,-76.02
343,4,8.0,-71.58,-79.03
344,4,8.0,-71.18,-81.54
345,4,8.0,-70.78,-83.63
346,4,8.0,-70.38,-85.73
347,4,8.0,-69.98,-87.88
348,4,8.0,-69.58,-90.32
349,4,8.0,-69.18,-93.09
350,4,8.0,-68.78,-96.0
351,4,8.0,-68.38,-98.99
352,4,8.0,-67.98,-102.09
353,4,8.0,-67.58,-105.1
354,4,8.0,-67.18,-107.41
355,4,8.0,-66.78,-108.57
356,4,8.0,-66.38,-109.22
357,4,8.0,-65.98,-109.91
358,4,8.0,-65.58,-110.55
359,4,8.0,-65.18,-111.17
360,4,8.0,-64.78,-111.52
361,4,8.0,-64.38,-111.06
362,4,8.0,-63.98,-109.72
363,4,8.0,-63.58,-107.49
364,4,8.0,-63.18,-104.18
365,4,8.0,-62.78,-100.16
366,4,8.0,-62.38,-95.97
367,4,8.0,-61.98,-91.71
368,4,8.0,-61.58,-87.29
369,4,8.0,-61.18,-82.7
370,4,8.0,-60.78,-77.75
371,4,8.0,-60.38,-72.05
372,4,8.0,-59.98,-65.8
373,4,8.0,-59.58,-59.15
374,4,8.0,-59.18,-51.55
375,4,8.0,-58.78,-43.03
376,4,8.0,-58.38,-34.05
377,4,8.0,-57.98,-24.88
378,4,8.0,-57.58,-15.78
379,4,8.0,-57.18,-6.94
380,4,8.0,-56.78,1.45
381,4,8.0,-56.38,8.97
382,4,8.0,-55.98,15.37
383,4,8.0,-55.58,21.07
384,4,8.0,-55.18,26.47
385,4,8.0,-54.78,31.67
386,4,8.0,-54.38,36.9
387,4,8.0,-53.98,42.41
388,4,8.0,-53.58,47.33
389,4,8.0,-53.18,50.47
390,4,8.0,-52.78,51.9
391,4,8.0,-52.38,52.46
392,4,8.0,-51.98,52.62
393,4,8.0,-51.58,52.51
394,4,8.0,-51.18,52.27
395,4,8.0,-50.78,51.91
396,4,8.0,-50.38,51.43
397,4,8.0,-49.98,50.67
398,4,8.0,-49.58,49.24
399,4,8.0,-49.18,47.13
400,4,8.0,-48.78,44.76
401,4,8.0,-48.38,42.34
402,4,8.0,-47.98,39.69
403,4,8.0,-47.58,36.68
404,4,8.0,-47.18,34.01
405,4,8.0,-46.78,31.87
406,4,8.0,-46.38,29.8
407,4,8.0,-45.98,27.8
408,4,8.0,-45.58,25.72
409,4,8.0,-45.18,23.41
410,4,8.0,-44.78,20.92
411,4,8.0,-44.38,18.38
412,4,8.0,-43.98,16.31
413,4,8.0,-43.58,15.07
414,4,8.0,-43.18,13.78
415,4,8.0,-42.78,12.06
416,4,8.0,-42.38,10.19
417,4,8.0,-41.98,8.17
418,4,8.0,-41.58,6.24
419,4,8.0,-41.18,4.55
420,4,8.0,-40.78,3.01
421,4,8.0,-40.38,1.54
422,4,8.0,-39.98,0.11
423,4,8.0,-39.58,-1.29
424,4,8.0,-39.18,-2.72
425,4,8.0,-38.78,-4.17
426,4,8.0,-38.38,-5.51
427,4,8.0,-37.98,-6.4
428,4,8.0,-37.58,-6.84
429,4,8.0,-37.18,-7.14
430,4,8.0,-36.78,-7.42
431,4,8.0,-36.38,-7.73
432,4,8.0,-35.98,-8.39
433,4,8.0,-35.58,-9.72
434,4,8.0,-35.18,-11.19
435,4,8.0,-34.78,-12.38
436,4,8.0,-34.38,-13.32
437,4,8.0,-33.98,-13.94
438,4,8.0,-33.58,-14.34
439,4,8.0,-33.18,-14.59
440,4,8.0,-32.78,-14.94
441,4,8.0,-32.38,-15.54
442,4,8.0,-31.98,-16.02
443,4,8.0,-31.58,-16.13
444,4,8.0,-31.18,-15.98
445,4,8.0,-30.78,-15.58
446,4,8.0,-30.38,-15.4
447,5,10.0,-89.58,-14.78
448,5,10.0,-89.18,-15.25
449,5,10.0,-88.78,-15.99
450,5,10.0,-88.38,-17.12
451,5,10.0,-87.98,-18.4
452,5,10.0,-87.58,-19.76
453,5,10.0,-87.18,-20.66
454,5,10.0,-86.78,-20.9
455,5,10.0,-86.38,-21.16
456,5,10.0,-85.98,-21.66
457,5,10.0,-85.58,-22.13
458,5,10.0,-85.18,-22.44
459,5,10.0,-84.78,-23.23
460,5,10.0,-84.38,-25.11
461,5,10.0,-83.98,-26.72
462,5,10.0,-83.58,-27.55
463,5,10.0,-83.18,-28.49
464,5,10.0,-82.78,-29.53
465,5,10.0,-82.38,-30.6
466,5,10.0,-81.98,-31.72
467,5,10.0,-81.58,-32.79
468,5,10.0,-81.18,-33.71
469,5,10.0,-80.78,-34.92
470,5,10.0,-80.38,-36.74
471,5,10.0,-79.98,-38.59
472,5,10.0,-79.58,-40.23
473,5,10.0,-79.18,-41.83
474,5,10.0,-78.78,-43.3
475,5,10.0,-78.38,-44.93
476,5,10.0,-77.98,-47.04
477,5,10.0,-77.58,-49.74
478,5,10.0,-77.18,-53.05
479,5,10.0,-76.78,-55.87
480,5,10.0,-76.38,-57.78
481,5,10.0,-75.98,-59.46
482,5,10.0,-75.58,-60.96
483,5,10.0,-75.18,-62.75
484,5,10.0,-74.78,-65.16
485,5,10.0,-74.38,-67.98
486,5,10.0,-73.98,-71.04
487,5,10.0,-73.58,-74.24
488,5,10.0,-73.18,-77.54
489,5,10.0,-72.78,-81.29
490,5,10.0,-72.38,-86.1
491,5,10.0,-71.98,-90.95
492,5,10.0,-71.58,-94.97
493,5,10.0,-71.18,-98.29
494,5,10.0,-70.78,-101.02
495,5,10.0,-70.38,-103.83
496,5,10.0,-69.98,-106.83
497,5,10.0,-69.58,-110.11
498,5,10.0,-69.18,-113.75
499,5,10.0,-68.78,-117.49
500,5,10.0,-68.38,-121.17
501,5,10.0,-67.98,-124.92
502,5,10.0,-67.58,-128.92
503,5,10.0,-67.18,-132.46
504,5,10.0,-66.78,-134.61
505,5,10.0,-66.38,-135.27
506,5,10.0,-65.98,-135.2
507,5,10.0,-65.58,-134.98
508,5,10.0,-65.18,-134.58
509,5,10.0,-64.78,-133.61
510,5,10.0,-64.38,-130.92
511,5,10.0,-63.98,-126.23
512,5,10.0,-63.58,-120.28
513,5,10.0,-63.18,-113.49
514,5,10.0,-62.78,-106.08
515,5,10.0,-62.38,-97.67
516,5,10.0,-61.98,-88.52
517,5,10.0,-61.58,-79.34
518,5,10.0,-61.18,-70.08
519,5,10.0,-60.78,-60.48
520,5,10.0,-60.38,-49.78
521,5,10.0,-59.98,-37.74
522,5,10.0,-59.58,-24.54
523,5,10.0,-59.18,-10.13
524,5,10.0,-58.78,4.89
525,5,10.0,-58.38,19.94
526,5,10.0,-57.98,35.0
527,5,10.0,-57.58,49.85
528,5,10.0,-57.18,64.07
529,5,10.0,-56.78,77.22
530,5,10.0,-56.38,88.82
531,5,10.0,-55.98,99.04
532,5,10.0,-55.58,108.21
533,5,10.0,-55.18,115.99
534,5,10.0,-54.78,122.52
535,5,10.0,-54.38,128.29
536,5,10.0,-53.98,133.37
537,5,10.0,-53.58,137.41
538,5,10.0,-53.18,139.86
539,5,10.0,-52.78,140.61
540,5,10.0,-52.38,139.94
541,5,10.0,-51.98,137.93
542,5,10.0,-51.58,135.09
543,5,10.0,-51.18,132.3
544,5,10.0,-50.78,129.67
545,5,10.0,-50.38,126.18
546,5,10.0,-49.98,120.94
547,5,10.0,-49.58,114.59
548,5,10.0,-49.18,107.98
549,5,10.0,-48.78,101.3
550,5,10.0,-48.38,94.63
551,5,10.0,-47.98,87.73
552,5,10.0,-47.58,80.27
553,5,10.0,-47.18,73.73
554,5,10.0,-46.78,68.86
555,5,10.0,-46.38,64.15
556,5,10.0,-45.98,59.24
557,5,10.0,-45.58,54.24
558,5,10.0,-45.18,49.04
559,5,10.0,-44.78,44.31
560,5,10.0,-44.38,40.43
561,5,10.0,-43.98,36.89
562,5,10.0,-43.58,33.43
563,5,10.0,-43.18,30.15
564,5,10.0,-42.78,27.06
565,5,10.0,-42.38,23.9
566,5,10.0,-41.98,20.59
567,5,10.0,-41.58,17.26
568,5,10.0,-41.18,13.94
569,5,10.0,-40.78,11.11
570,5,10.0,-40.38,9.51
571,5,10.0,-39.98,8.21
572,5,10.0,-39.58,6.48
573,5,10.0,-39.18,4.53
574,5,10.0,-38.78,2.0
575,5,10.0,-38.38,-0.22
576,5,10.0,-37.98,-1.63
577,5,10.0,-37.58,-2.63
578,5,10.0,-37.18,-3.33
579,5,10.0,-36.78,-4.0
580,5,10.0,-36.38,-4.81
581,5,10.0,-35.98,-5.88
582,5,10.0,-35.58,-7.35
583,5,10.0,-35.18,-8.72
584,5,10.0,-34.78,-9.78
585,5,10.0,-34.38,-10.85
586,5,10.0,-33.98,-11.94
587,5,10.0,-33.58,-12.94
588,5,10.0,-33.18,-13.83
589,5,10.0,-32.78,-14.38
590,5,10.0,-32.38,-14.3
591,5,10.0,-31.98,-14.28
592,5,10.0,-31.58,-14.66
593,5,10.0,-31.18,-15.05
594,5,10.0,-30.78,-15.5
595,5,10.0,-30.38,-15.82
596,6,12.0,-89.58,-14.29
597,6,12.0,-89.18,-15.09
598,6,12.0,-88.78,-16.27
599,6,12.0,-88.38,-17.66
600,6,12.0,-87.98,-18.9
601,6,12.0,-87.58,-19.72
602,6,12.0,-87.18,-20.25
603,6,12.0,-86.78,-20.64
604,6,12.0,-86.38,-21.02
605,6,12.0,-85.98,-21.38
606,6,12.0,-85.58,-21.95
607,6,12.0,-85.18,-23.02
608,6,12.0,-84.78,-24.26
609,6,12.0,-84.38,-25.35
610,6,12.0,-83.98,-26.46
611,6,12.0,-83.58,-27.62
612,6,12.0,-83.18,-28.86
613,6,12.0,-82.78,-30.47
614,6,12.0,-82.38,-31.99
615,6,12.0,-81.98,-33.19
616,6,12.0,-81.58,-34.31
617,6,12.0,-81.18,-35.35
618,6,12.0,-80.78,-36.68
619,6,12.0,-80.38,-38.52
620,6,12.0,-79.98,-40.43
621,6,12.0,-79.58,-42.21
622,6,12.0,-79.18,-44.07
623,6,12.0,-78.78,-46.23
624,6,12.0,-78.38,-48.86
625,6,12.0,-77.98,-51.92
626,6,12.0,-77.58,-54.9
627,6,12.0,-77.18,-57.6
628,6,12.0,-76.78,-60.29
629,6,12.0,-76.38,-62.93
630,6,12.0,-75.98,-65.34
631,6,12.0,-75.58,-67.37
632,6,12.0,-75.18,-69.44
633,6,12.0,-74.78,-71.98
634,6,12.0,-74.38,-74.92
635,6,12.0,-73.98,-78.45
636,6,12.0,-73.58,-82.94
637,6,12.0,-73.18,-88.08
638,6,12.0,-72.78,-93.36
639,6,12.0,-72.38,-98.63
640,6,12.0,-71.98,-103.89
641,6,12.0,-71.58,-108.87
642,6,12.0,-71.18,-113.17
643,6,12.0,-70.78,-116.89
644,6,12.0,-70.38,-120.37
645,6,12.0,-69.98,-123.73
646,6,12.0,-69.58,-127.34
647,6,12.0,-69.18,-131.55
648,6,12.0,-68.78,-136.14
649,6,12.0,-68.38,-140.88
650,6,12.0,-67.98,-145.42
651,6,12.0,-67.58,-149.23
652,6,12.0,-67.18,-152.0
653,6,12.0,-66.78,-153.16
654,6,12.0,-66.38,-152.75
655,6,12.0,-65.98,-151.17
656,6,12.0,-65.58,-148.69
657,6,12.0,-65.18,-145.1
658,6,12.0,-64.78,-139.82
659,6,12.0,-64.38,-132.23
660,6,12.0,-63.98,-122.86
661,6,12.0,-63.58,-111.98
662,6,12.0,-63.18,-98.21
663,6,12.0,-62.78,-82.4
664,6,12.0,-62.38,-66.31
665,6,12.0,-61.98,-50.12
666,6,12.0,-61.58,-34.01
667,6,12.0,-61.18,-18.02
668,6,12.0,-60.78,-1.54
669,6,12.0,-60.38,16.8
670,6,12.0,-59.98,37.21
671,6,12.0,-59.58,59.0
672,6,12.0,-59.18,82.02
673,6,12.0,-58.78,105.78
674,6,12.0,-58.38,129.25
675,6,12.0,-57.98,152.04
676,6,12.0,-57.58,173.96
677,6,12.0,-57.18,194.3
678,6,12.0,-56.78,212.95
679,6,12.0,-56.38,229.55
680,6,12.0,-55.98,243.24
681,6,12.0,-55.58,254.18
682,6,12.0,-55.18,262.97
683,6,12.0,-54.78,270.34
684,6,12.0,-54.38,276.75
685,6,12.0,-53.98,281.98
686,6,12.0,-53.58,285.3
687,6,12.0,-53.18,285.52
688,6,12.0,-52.78,282.48
689,6,12.0,-52.38,277.72
690,6,12.0,-51.98,272.22
691,6,12.0,-51.58,266.11
692,6,12.0,-51.18,259.44
693,6,12.0,-50.78,251.74
694,6,12.0,-50.38,242.23
695,6,12.0,-49.98,230.35
696,6,12.0,-49.58,216.48
697,6,12.0,-49.18,201.7
698,6,12.0,-48.78,187.18
699,6,12.0,-48.38,173.2
700,6,12.0,-47.98,159.2
701,6,12.0,-47.58,145.02
702,6,12.0,-47.18,131.77
703,6,12.0,-46.78,120.83
704,6,12.0,-46.38,111.73
705,6,12.0,-45.98,103.58
706,6,12.0,-45.58,95.07
707,6,12.0,-45.18,85.62
708,6,12.0,-44.78,76.91
709,6,12.0,-44.38,69.57
710,6,12.0,-43.98,63.27
711,6,12.0,-43.58,57.58
712,6,12.0,-43.18,52.28
713,6,12.0,-42.78,47.23
714,6,12.0,-42.38,42.21
715,6,12.0,-41.98,37.17
716,6,12.0,-41.58,32.36
717,6,12.0,-41.18,28.1
718,6,12.0,-40.78,24.37
719,6,12.0,-40.38,20.92
720,6,12.0,-39.98,17.65
721,6,12.0,-39.58,14.6
722,6,12.0,-39.18,11.97
723,6,12.0,-38.78,9.88
724,6,12.0,-38.38,7.64
725,6,12.0,-37.98,4.88
726,6,12.0,-37.58,2.69
727,6,12.0,-37.18,1.52
728,6,12.0,-36.78,0.83
729,6,12.0,-36.38,0.25
730,6,12.0,-35.98,-0.65
731,6,12.0,-35.58,-2.13
732,6,12.0,-35.18,-3.93
733,6,12.0,-34.78,-5.88
734,6,12.0,-34.38,-7.52
735,6,12.0,-33.98,-8.65
736,6,12.0,-33.58,-9.55
737,6,12.0,-33.18,-10.37
738,6,12.0,-32.78,-11.03
739,6,12.0,-32.38,-11.51
740,6,12.0,-31.98,-12.03
741,6,12.0,-31.58,-12.65
742,6,12.0,-31.18,-13.07
743,6,12.0,-30.78,-13.21
744,6,12.0,-30.38,-13.31
745,7,14.0,-89.58,-13.06
746,7,14.0,-89.18,-14.34
747,7,14.0,-88.78,-15.59
748,7,14.0,-88.38,-16.43
749,7,14.0,-87.98,-17.16
750,7,14.0,-87.58,-17.76
751,7,14.0,-87.18,-18.34
752,7,14.0,-86.78,-18.96
753,7,14.0,-86.38,-19.51
754,7,14.0,-85.98,-19.84
755,7,14.0,-85.58,-20.22
756,7,14.0,-85.18,-20.95
757,7,14.0,-84.78,-22.17
758,7,14.0,-84.38,-24.0
759,7,14.0,-83.98,-25.63
760,7,14.0,-83.58,-26.68
761,7,14.0,-83.18,-27.91
762,7,14.0,-82.78,-29.45
763,7,14.0,-82.38,-31.09
764,7,14.0,-81.98,-32.88
765,7,14.0,-81.58,-34.46
766,7,14.0,-81.18,-35.51
767,7,14.0,-80.78,-36.92
768,7,14.0,-80.38,-39.09
769,7,14.0,-79.98,-41.1
770,7,14.0,-79.58,-42.65
771,7,14.0,-79.18,-44.37
772,7,14.0,-78.78,-46.64
773,7,14.0,-78.38,-49.65
774,7,14.0,-77.98,-53.25
775,7,14.0,-77.58,-56.81
776,7,14.0,-77.18,-60.15
777,7,14.0,-76.78,-63.28
778,7,14.0,-76.38,-66.12
779,7,14.0,-75.98,-68.82
780,7,14.0,-75.58,-71.46
781,7,14.0,-75.18,-74.09
782,7,14.0,-74.78,-76.72
783,7,14.0,-74.38,-79.75
784,7,14.0,-73.98,-83.93
785,7,14.0,-73.58,-88.97
786,7,14.0,-73.18,-94.35
787,7,14.0,-72.78,-100.35
788,7,14.0,-72.38,-107.03
789,7,14.0,-71.98,-113.51
790,7,14.0,-71.58,-119.18
791,7,14.0,-71.18,-124.01
792,7,14.0,-70.78,-128.13
793,7,14.0,-70.38,-131.91
794,7,14.0,-69.98,-135.48
795,7,14.0,-69.58,-139.22
796,7,14.0,-69.18,-143.35
797,7,14.0,-68.78,-147.75
798,7,14.0,-68.38,-152.51
799,7,14.0,-67.98,-156.72
800,7,14.0,-67.58,-158.94
801,7,14.0,-67.18,-159.21
802,7,14.0,-66.78,-157.68
803,7,14.0,-66.38,-154.24
804,7,14.0,-65.98,-149.1
805,7,14.0,-65.58,-142.56
806,7,14.0,-65.18,-134.34
807,7,14.0,-64.78,-123.54
808,7,14.0,-64.38,-109.07
809,7,14.0,-63.98,-91.07
810,7,14.0,-63.58,-70.36
811,7,14.0,-63.18,-46.55
812,7,14.0,-62.78,-20.82
813,7,14.0,-62.38,5.13
814,7,14.0,-61.98,31.14
815,7,14.0,-61.58,56.01
816,7,14.0,-61.18,78.4
817,7,14.0,-60.78,101.96
818,7,14.0,-60.38,129.38
819,7,14.0,-59.98,159.08
820,7,14.0,-59.58,190.26
821,7,14.0,-59.18,223.01
822,7,14.0,-58.78,257.49
823,7,14.0,-58.38,290.58
824,7,14.0,-57.98,320.17
825,7,14.0,-57.58,347.84
826,7,14.0,-57.18,373.84
827,7,14.0,-56.78,397.1
828,7,14.0,-56.38,416.6
829,7,14.0,-55.98,432.54
830,7,14.0,-55.58,445.71
831,7,14.0,-55.18,456.15
832,7,14.0,-54.78,464.15
833,7,14.0,-54.38,470.25
834,7,14.0,-53.98,474.08
835,7,14.0,-53.58,474.37
836,7,14.0,-53.18,470.64
837,7,14.0,-52.78,463.8
838,7,14.0,-52.38,455.15
839,7,14.0,-51.98,445.1
840,7,14.0,-51.58,433.74
841,7,14.0,-51.18,421.35
842,7,14.0,-50.78,407.41
843,7,14.0,-50.38,390.87
844,7,14.0,-49.98,370.43
845,7,14.0,-49.58,346.02
846,7,14.0,-49.18,319.12
847,7,14.0,-48.78,293.75
848,7,14.0,-48.38,270.58
849,7,14.0,-47.98,247.37
850,7,14.0,-47.58,224.33
851,7,14.0,-47.18,202.34
852,7,14.0,-46.78,183.68
853,7,14.0,-46.38,168.77
854,7,14.0,-45.98,155.57
855,7,14.0,-45.58,142.08
856,7,14.0,-45.18,127.79
857,7,14.0,-44.78,114.27
858,7,14.0,-44.38,102.61
859,7,14.0,-43.98,92.64
860,7,14.0,-43.58,83.82
861,7,14.0,-43.18,76.04
862,7,14.0,-42.78,68.95
863,7,14.0,-42.38,61.92
864,7,14.0,-41.98,54.86
865,7,14.0,-41.58,48.21
866,7,14.0,-41.18,42.48
867,7,14.0,-40.78,37.6
868,7,14.0,-40.38,33.1
869,7,14.0,-39.98,28.67
870,7,14.0,-39.58,24.31
871,7,14.0,-39.18,20.49
872,7,14.0,-38.78,17.59
873,7,14.0,-38.38,14.76
874,7,14.0,-37.98,11.4
875,7,14.0,-37.58,8.83
876,7,14.0,-37.18,7.68
877,7,14.0,-36.78,7.04
878,7,14.0,-36.38,6.49
879,7,14.0,-35.98,5.26
880,7,14.0,-35.58,2.66
881,7,14.0,-35.18,-0.07
882,7,14.0,-34.78,-2.21
883,7,14.0,-34.38,-3.62
884,7,14.0,-33.98,-4.1
885,7,14.0,-33.58,-4.63
886,7,14.0,-33.18,-5.53
887,7,14.0,-32.78,-6.63
888,7,14.0,-32.38,-8.08
889,7,14.0,-31.98,-9.12
890,7,14.0,-31.58,-9.42
891,7,14.0,-31.18,-9.77
892,7,14.0,-30.78,-10.4
893,7,14.0,-30.38,-10.81
894,8,16.0,-89.58,-13.02
895,8,16.0,-89.18,-13.87
896,8,16.0,-88.78,-15.0
897,8,16.0,-88.38,-16.34
898,8,16.0,-87.98,-17.35
899,8,16.0,-87.58,-17.8
900,8,16.0,-87.18,-18.29
901,8,16.0,-86.78,-18.93
902,8,16.0,-86.38,-19.52
903,8,16.0,-85.98,-20.03
904,8,16.0,-85.58,-20.51
905,8,16.0,-85.18,-21.1
906,8,16.0,-84.78,-22.19
907,8,16.0,-84.38,-23.8
908,8,16.0,-83.98,-25.56
909,8,16.0,-83.58,-27.32
910,8,16.0,-83.18,-29.1
911,8,16.0,-82.78,-30.88
912,8,16.0,-82.38,-32.36
913,8,16.0,-81.98,-33.16
914,8,16.0,-81.58,-34.23
915,8,16.0,-81.18,-35.99
916,8,16.0,-80.78,-37.87
917,8,16.0,-80.38,-39.85
918,8,16.0,-79.98,-41.94
919,8,16.0,-79.58,-44.16
920,8,16.0,-79.18,-46.38
921,8,16.0,-78.78,-48.52
922,8,16.0,-78.38,-51.13
923,8,16.0,-77.98,-54.61
924,8,16.0,-77.58,-58.45
925,8,16.0,-77.18,-62.3
926,8,16.0,-76.78,-65.82
927,8,16.0,-76.38,-68.95
928,8,16.0,-75.98,-72.09
929,8,16.0,-75.58,-75.29
930,8,16.0,-75.18,-78.34
931,8,16.0,-74.78,-80.97
932,8,16.0,-74.38,-84.05
933,8,16.0,-73.98,-88.63
934,8,16.0,-73.58,-94.14
935,8,16.0,-73.18,-100.1
936,8,16.0,-72.78,-106.52
937,8,16.0,-72.38,-113.37
938,8,16.0,-71.98,-119.98
939,8,16.0,-71.58,-125.8
940,8,16.0,-71.18,-130.83
941,8,16.0,-70.78,-135.1
942,8,16.0,-70.38,-138.66
943,8,16.0,-69.98,-141.74
944,8,16.0,-69.58,-145.09
945,8,16.0,-69.18,-148.92
946,8,16.0,-68.78,-152.5
947,8,16.0,-68.38,-155.24
948,8,16.0,-67.98,-156.96
949,8,16.0,-67.58,-156.86
950,8,16.0,-67.18,-154.23
951,8,16.0,-66.78,-148.8
952,8,16.0,-66.38,-140.91
953,8,16.0,-65.98,-131.05
954,8,16.0,-65.58,-119.09
955,8,16.0,-65.18,-104.35
956,8,16.0,-64.78,-86.1
957,8,16.0,-64.38,-63.52
958,8,16.0,-63.98,-36.72
959,8,16.0,-63.58,-6.43
960,8,16.0,-63.18,28.04
961,8,16.0,-62.78,65.89
962,8,16.0,-62.38,102.62
963,8,16.0,-61.98,136.73
964,8,16.0,-61.58,168.91
965,8,16.0,-61.18,198.82
966,8,16.0,-60.78,229.94
967,8,16.0,-60.38,264.6
968,8,16.0,-59.98,302.2
969,8,16.0,-59.58,341.81
970,8,16.0,-59.18,382.33
971,8,16.0,-58.78,423.73
972,8,16.0,-58.38,463.66
973,8,16.0,-57.98,499.36
974,8,16.0,-57.58,531.98
975,8,16.0,-57.18,562.33
976,8,16.0,-56.78,588.93
977,8,16.0,-56.38,610.83
978,8,16.0,-55.98,628.04
979,8,16.0,-55.58,641.83
980,8,16.0,-55.18,653.2
981,8,16.0,-54.78,662.15
982,8,16.0,-54.38,667.92
983,8,16.0,-53.98,669.17
984,8,16.0,-53.58,665.53
985,8,16.0,-53.18,657.98
986,8,16.0,-52.78,647.17
987,8,16.0,-52.38,634.05
988,8,16.0,-51.98,619.42
989,8,16.0,-51.58,603.14
990,8,16.0,-51.18,584.81
991,8,16.0,-50.78,563.16
992,8,16.0,-50.38,537.43
993,8,16.0,-49.98,507.47
994,8,16.0,-49.58,472.99
995,8,16.0,-49.18,435.39
996,8,16.0,-48.78,399.26
997,8,16.0,-48.38,365.89
998,8,16.0,-47.98,332.45
999,8,16.0,-47.58,298.42
1000,8,16.0,-47.18,267.33
1001,8,16.0,-46.78,242.66
1002,8,16.0,-46.38,222.13
1003,8,16.0,-45.98,202.74
1004,8,16.0,-45.58,183.57
1005,8,16.0,-45.18,164.4
1006,8,16.0,-44.78,146.31
1007,8,16.0,-44.38,130.69
1008,8,16.0,-43.98,117.52
1009,8,16.0,-43.58,105.81
1010,8,16.0,-43.18,95.02
1011,8,16.0,-42.78,84.91
1012,8,16.0,-42.38,75.71
1013,8,16.0,-41.98,67.45
1014,8,16.0,-41.58,59.75
1015,8,16.0,-41.18,52.51
1016,8,16.0,-40.78,45.88
1017,8,16.0,-40.38,39.9
1018,8,16.0,-39.98,34.29
1019,8,16.0,-39.58,29.06
1020,8,16.0,-39.18,24.86
1021,8,16.0,-38.78,21.86
1022,8,16.0,-38.38,18.95
1023,8,16.0,-37.98,15.82
1024,8,16.0,-37.58,13.24
1025,8,16.0,-37.18,11.43
1026,8,16.0,-36.78,9.97
1027,8,16.0,-36.38,8.64
1028,8,16.0,-35.98,7.05
1029,8,16.0,-35.58,4.97
1030,8,16.0,-35.18,2.55
1031,8,16.0,-34.78,-0.08
1032,8,16.0,-34.38,-2.18
1033,8,16.0,-33.98,-3.3
1034,8,16.0,-33.58,-4.0
1035,8,16.0,-33.18,-4.58
1036,8,16.0,-32.78,-5.49
1037,8,16.0,-32.38,-7.13
1038,8,16.0,-31.98,-8.32
1039,8,16.0,-31.58,-8.57
1040,8,16.0,-31.18,-8.68
1041,8,16.0,-30.78,-8.72
1042,8,16.0,-30.38,-8.87
1043,9,18.0,-89.58,-16.99
1044,9,18.0,-89.18,-17.55
1045,9,18.0,-88.78,-18.52
1046,9,18.0,-88.38,-19.84
1047,9,18.0,-87.98,-21.07
1048,9,18.0,-87.58,-22.06
1049,9,18.0,-87.18,-22.91
1050,9,18.0,-86.78,-23.61
1051,9,18.0,-86.38,-24.19
1052,9,18.0,-85.98,-24.71
1053,9,18.0,-85.58,-25.31
1054,9,18.0,-85.18,-26.07
1055,9,18.0,-84.78,-27.0
1056,9,18.0,-84.38,-28.17
1057,9,18.0,-83.98,-29.63
1058,9,18.0,-83.58,-31.29
1059,9,18.0,-83.18,-33.08
1060,9,18.0,-82.78,-35.01
1061,9,18.0,-82.38,-36.64
1062,9,18.0,-81.98,-37.75
1063,9,18.0,-81.58,-38.87
1064,9,18.0,-81.18,-40.23
1065,9,18.0,-80.78,-41.87
1066,9,18.0,-80.38,-43.9
1067,9,18.0,-79.98,-46.23
1068,9,18.0,-79.58,-48.72
1069,9,18.0,-79.18,-51.13
1070,9,18.0,-78.78,-53.27
1071,9,18.0,-78.38,-56.01
1072,9,18.0,-77.98,-59.83
1073,9,18.0,-77.58,-63.65
1074,9,18.0,-77.18,-67.06
1075,9,18.0,-76.78,-70.32
1076,9,18.0,-76.38,-73.38
1077,9,18.0,-75.98,-76.61
1078,9,18.0,-75.58,-80.36
1079,9,18.0,-75.18,-84.06
1080,9,18.0,-74.78,-87.39
1081,9,18.0,-74.38,-91.09
1082,9,18.0,-73.98,-95.51
1083,9,18.0,-73.58,-100.33
1084,9,18.0,-73.18,-105.45
1085,9,18.0,-72.78,-111.37
1086,9,18.0,-72.38,-118.64
1087,9,18.0,-71.98,-125.37
1088,9,18.0,-71.58,-130.45
1089,9,18.0,-71.18,-134.63
1090,9,18.0,-70.78,-138.15
1091,9,18.0,-70.38,-141.25
1092,9,18.0,-69.98,-144.07
1093,9,18.0,-69.58,-146.82
1094,9,18.0,-69.18,-149.5
1095,9,18.0,-68.78,-151.69
1096,9,18.0,-68.38,-152.32
1097,9,18.0,-67.98,-151.24
1098,9,18.0,-67.58,-148.09
1099,9,18.0,-67.18,-141.96
1100,9,18.0,-66.78,-132.47
1101,9,18.0,-66.38,-119.56
1102,9,18.0,-65.98,-104.01
1103,9,18.0,-65.58,-86.55
1104,9,18.0,-65.18,-66.91
1105,9,18.0,-64.78,-43.36
1106,9,18.0,-64.38,-13.95
1107,9,18.0,-63.98,20.43
1108,9,18.0,-63.58,58.19
1109,9,18.0,-63.18,100.16
1110,9,18.0,-62.78,146.13
1111,9,18.0,-62.38,190.8
1112,9,18.0,-61.98,231.36
1113,9,18.0,-61.58,268.36
1114,9,18.0,-61.18,301.78
1115,9,18.0,-60.78,337.21
1116,9,18.0,-60.38,377.28
1117,9,18.0,-59.98,420.04
1118,9,18.0,-59.58,464.62
1119,9,18.0,-59.18,510.16
1120,9,18.0,-58.78,556.83
1121,9,18.0,-58.38,601.59
1122,9,18.0,-57.98,640.72
1123,9,18.0,-57.58,675.85
1124,9,18.0,-57.18,708.37
1125,9,18.0,-56.78,736.54
1126,9,18.0,-56.38,759.63
1127,9,18.0,-55.98,778.34
1128,9,18.0,-55.58,793.47
1129,9,18.0,-55.18,804.98
1130,9,18.0,-54.78,812.55
1131,9,18.0,-54.38,816.14
1132,9,18.0,-53.98,815.1
1133,9,18.0,-53.58,807.77
1134,9,18.0,-53.18,795.42
1135,9,18.0,-52.78,780.56
1136,9,18.0,-52.38,764.01
1137,9,18.0,-51.98,745.45
1138,9,18.0,-51.58,724.11
1139,9,18.0,-51.18,700.48
1140,9,18.0,-50.78,673.89
1141,9,18.0,-50.38,641.96
1142,9,18.0,-49.98,603.44
1143,9,18.0,-49.58,559.07
1144,9,18.0,-49.18,510.98
1145,9,18.0,-48.78,466.04
1146,9,18.0,-48.38,425.8
1147,9,18.0,-47.98,385.35
1148,9,18.0,-47.58,344.46
1149,9,18.0,-47.18,306.65
1150,9,18.0,-46.78,276.7
1151,9,18.0,-46.38,252.47
1152,9,18.0,-45.98,229.38
1153,9,18.0,-45.58,206.27
1154,9,18.0,-45.18,182.88
1155,9,18.0,-44.78,160.9
1156,9,18.0,-44.38,142.79
1157,9,18.0,-43.98,127.6
1158,9,18.0,-43.58,113.65
1159,9,18.0,-43.18,101.68
1160,9,18.0,-42.78,91.1
1161,9,18.0,-42.38,80.74
1162,9,18.0,-41.98,70.59
1163,9,18.0,-41.58,60.8
1164,9,18.0,-41.18,51.82
1165,9,18.0,-40.78,44.18
1166,9,18.0,-40.38,37.91
1167,9,18.0,-39.98,32.38
1168,9,18.0,-39.58,27.23
1169,9,18.0,-39.18,22.94
1170,9,18.0,-38.78,19.43
1171,9,18.0,-38.38,15.97
1172,9,18.0,-37.98,12.47
1173,9,18.0,-37.58,9.72
1174,9,18.0,-37.18,8.51
1175,9,18.0,-36.78,7.46
1176,9,18.0,-36.38,5.7
1177,9,18.0,-35.98,3.68
1178,9,18.0,-35.58,1.4
1179,9,18.0,-35.18,-0.93
1180,9,18.0,-34.78,-3.28
1181,9,18.0,-34.38,-5.55
1182,9,18.0,-33.98,-7.5
1183,9,18.0,-33.58,-8.85
1184,9,18.0,-33.18,-9.73
1185,9,18.0,-32.78,-10.58
1186,9,18.0,-32.38,-11.45
1187,9,18.0,-31.98,-11.9
1188,9,18.0,-31.58,-11.91
1189,9,18.0,-31.18,-11.86
1190,9,18.0,-30.78,-11.74
1191,9,18.0,-30.38,-11.89
1192,10,20.0,-89.58,-23.77
1193,10,20.0,-89.18,-24.77
1194,10,20.0,-88.78,-25.71
1195,10,20.0,-88.38,-26.34
1196,10,20.0,-87.98,-26.95
1197,10,20.0,-87.58,-27.47
1198,10,20.0,-87.18,-28.14
1199,10,20.0,-86.78,-29.25
1200,10,20.0,-86.38,-30.18
1201,10,20.0,-85.98,-30.6
1202,10,20.0,-85.58,-31.4
1203,10,20.0,-85.18,-32.72
1204,10,20.0,-84.78,-34.06
1205,10,20.0,-84.38,-35.39
1206,10,20.0,-83.98,-36.77
1207,10,20.0,-83.58,-38.15
1208,10,20.0,-83.18,-39.6
1209,10,20.0,-82.78,-41.17
1210,10,20.0,-82.38,-42.62
1211,10,20.0,-81.98,-43.79
1212,10,20.0,-81.58,-45.09
1213,10,20.0,-81.18,-46.71
1214,10,20.0,-80.78,-48.41
1215,10,20.0,-80.38,-50.18
1216,10,20.0,-79.98,-52.17
1217,10,20.0,-79.58,-54.52
1218,10,20.0,-79.18,-57.0
1219,10,20.0,-78.78,-59.5
1220,10,20.0,-78.38,-62.47
1221,10,20.0,-77.98,-66.35
1222,10,20.0,-77.58,-70.27
1223,10,20.0,-77.18,-73.63
1224,10,20.0,-76.78,-76.52
1225,10,20.0,-76.38,-78.79
1226,10,20.0,-75.98,-81.47
1227,10,20.0,-75.58,-84.87
1228,10,20.0,-75.18,-88.31
1229,10,20.0,-74.78,-91.75
1230,10,20.0,-74.38,-95.47
1231,10,20.0,-73.98,-99.88
1232,10,20.0,-73.58,-104.91
1233,10,20.0,-73.18,-110.16
1234,10,20.0,-72.78,-115.5
1235,10,20.0,-72.38,-120.98
1236,10,20.0,-71.98,-126.41
1237,10,20.0,-71.58,-131.47
1238,10,20.0,-71.18,-135.34
1239,10,20.0,-70.78,-137.89
1240,10,20.0,-70.38,-139.94
1241,10,20.0,-69.98,-141.93
1242,10,20.0,-69.58,-143.59
1243,10,20.0,-69.18,-144.76
1244,10,20.0,-68.78,-145.08
1245,10,20.0,-68.38,-143.46
1246,10,20.0,-67.98,-139.82
1247,10,20.0,-67.58,-134.03
1248,10,20.0,-67.18,-125.02
1249,10,20.0,-66.78,-112.56
1250,10,20.0,-66.38,-97.27
1251,10,20.0,-65.98,-79.62
1252,10,20.0,-65.58,-59.32
1253,10,20.0,-65.18,-35.66
1254,10,20.0,-64.78,-8.29
1255,10,20.0,-64.38,23.25
1256,10,20.0,-63.98,59.58
1257,10,20.0,-63.58,100.04
1258,10,20.0,-63.18,144.06
1259,10,20.0,-62.78,190.82
1260,10,20.0,-62.38,236.35
1261,10,20.0,-61.98,278.7
1262,10,20.0,-61.58,318.44
1263,10,20.0,-61.18,355.76
1264,10,20.0,-60.78,394.45
1265,10,20.0,-60.38,436.47
1266,10,20.0,-59.98,480.54
1267,10,20.0,-59.58,525.89
1268,10,20.0,-59.18,571.8
1269,10,20.0,-58.78,618.32
1270,10,20.0,-58.38,663.3
1271,10,20.0,-57.98,703.88
1272,10,20.0,-57.58,740.52
1273,10,20.0,-57.18,773.48
1274,10,20.0,-56.78,801.44
1275,10,20.0,-56.38,824.08
1276,10,20.0,-55.98,841.94
1277,10,20.0,-55.58,855.72
1278,10,20.0,-55.18,865.35
1279,10,20.0,-54.78,870.55
1280,10,20.0,-54.38,871.37
1281,10,20.0,-53.98,867.38
1282,10,20.0,-53.58,857.71
1283,10,20.0,-53.18,842.95
1284,10,20.0,-52.78,824.27
1285,10,20.0,-52.38,802.91
1286,10,20.0,-51.98,779.77
1287,10,20.0,-51.58,754.68
1288,10,20.0,-51.18,727.19
1289,10,20.0,-50.78,695.82
1290,10,20.0,-50.38,659.64
1291,10,20.0,-49.98,618.59
1292,10,20.0,-49.58,572.44
1293,10,20.0,-49.18,522.98
1294,10,20.0,-48.78,475.15
1295,10,20.0,-48.38,430.23
1296,10,20.0,-47.98,386.25
1297,10,20.0,-47.58,343.84
1298,10,20.0,-47.18,305.35
1299,10,20.0,-46.78,273.69
1300,10,20.0,-46.38,247.53
1301,10,20.0,-45.98,223.31
1302,10,20.0,-45.58,199.39
1303,10,20.0,-45.18,175.41
1304,10,20.0,-44.78,153.25
1305,10,20.0,-44.38,134.78
1306,10,20.0,-43.98,119.34
1307,10,20.0,-43.58,105.51
1308,10,20.0,-43.18,93.06
1309,10,20.0,-42.78,81.7
1310,10,20.0,-42.38,71.21
1311,10,20.0,-41.98,61.52
1312,10,20.0,-41.58,52.38
1313,10,20.0,-41.18,43.9
1314,10,20.0,-40.78,36.41
1315,10,20.0,-40.38,30.07
1316,10,20.0,-39.98,24.56
1317,10,20.0,-39.58,19.59
1318,10,20.0,-39.18,15.22
1319,10,20.0,-38.78,11.42
1320,10,20.0,-38.38,8.0
1321,10,20.0,-37.98,4.97
1322,10,20.0,-37.58,2.69
1323,10,20.0,-37.18,1.17
1324,10,20.0,-36.78,-0.46
1325,10,20.0,-36.38,-2.48
1326,10,20.0,-35.98,-4.58
1327,10,20.0,-35.58,-6.78
1328,10,20.0,-35.18,-8.85
1329,10,20.0,-34.78,-10.65
1330,10,20.0,-34.38,-12.38
1331,10,20.0,-33.98,-14.11
1332,10,20.0,-33.58,-15.63
1333,10,20.0,-33.18,-16.69
1334,10,20.0,-32.78,-17.26
1335,10,20.0,-32.38,-17.55
1336,10,20.0,-31.98,-17.94
1337,10,20.0,-31.58,-18.53
1338,10,20.0,-31.18,-18.93
1339,10,20.0,-30.78,-19.11
1340,10,20.0,-30.38,-19.34
1341,11,22.0,-89.58,-27.14
1342,11,22.0,-89.18,-27.66
1343,11,22.0,-88.78,-28.35
1344,11,22.0,-88.38,-29.09
1345,11,22.0,-87.98,-29.83
1346,11,22.0,-87.58,-30.54
1347,11,22.0,-87.18,-31.29
1348,11,22.0,-86.78,-32.12
1349,11,22.0,-86.38,-32.95
1350,11,22.0,-85.98,-33.75
1351,11,22.0,-85.58,-34.62
1352,11,22.0,-85.18,-35.69
1353,11,22.0,-84.78,-36.94
1354,11,22.0,-84.38,-38.3
1355,11,22.0,-83.98,-39.78
1356,11,22.0,-83.58,-41.36
1357,11,22.0,-83.18,-42.92
1358,11,22.0,-82.78,-44.36
1359,11,22.0,-82.38,-45.64
1360,11,22.0,-81.98,-46.74
1361,11,22.0,-81.58,-47.85
1362,11,22.0,-81.18,-49.12
1363,11,22.0,-80.78,-50.62
1364,11,22.0,-80.38,-52.45
1365,11,22.0,-79.98,-54.56
1366,11,22.0,-79.58,-56.85
1367,11,22.0,-79.18,-59.27
1368,11,22.0,-78.78,-61.85
1369,11,22.0,-78.38,-64.69
1370,11,22.0,-77.98,-67.79
1371,11,22.0,-77.58,-70.84
1372,11,22.0,-77.18,-73.72
1373,11,22.0,-76.78,-76.53
1374,11,22.0,-76.38,-79.3
1375,11,22.0,-75.98,-82.1
1376,11,22.0,-75.58,-84.96
1377,11,22.0,-75.18,-87.89
1378,11,22.0,-74.78,-90.92
1379,11,22.0,-74.38,-94.22
1380,11,22.0,-73.98,-97.97
1381,11,22.0,-73.58,-102.26
1382,11,22.0,-73.18,-106.81
1383,11,22.0,-72.78,-111.43
1384,11,22.0,-72.38,-116.06
1385,11,22.0,-71.98,-120.5
1386,11,22.0,-71.58,-124.29
1387,11,22.0,-71.18,-127.4
1388,11,22.0,-70.78,-129.87
1389,11,22.0,-70.38,-131.65
1390,11,22.0,-69.98,-132.75
1391,11,22.0,-69.58,-133.14
1392,11,22.0,-69.18,-132.7
1393,11,22.0,-68.78,-131.29
1394,11,22.0,-68.38,-128.55
1395,11,22.0,-67.98,-124.0
1396,11,22.0,-67.58,-117.05
1397,11,22.0,-67.18,-107.32
1398,11,22.0,-66.78,-94.84
1399,11,22.0,-66.38,-79.64
1400,11,22.0,-65.98,-61.85
1401,11,22.0,-65.58,-41.32
1402,11,22.0,-65.18,-17.74
1403,11,22.0,-64.78,9.26
1404,11,22.0,-64.38,39.82
1405,11,22.0,-63.98,74.03
1406,11,22.0,-63.58,111.22
1407,11,22.0,-63.18,151.1
1408,11,22.0,-62.78,192.52
1409,11,22.0,-62.38,233.49
1410,11,22.0,-61.98,273.64
1411,11,22.0,-61.58,312.91
1412,11,22.0,-61.18,351.21
1413,11,22.0,-60.78,389.73
1414,11,22.0,-60.38,429.68
1415,11,22.0,-59.98,471.18
1416,11,22.0,-59.58,513.74
1417,11,22.0,-59.18,556.34
1418,11,22.0,-58.78,598.51
1419,11,22.0,-58.38,639.46
1420,11,22.0,-57.98,677.13
1421,11,22.0,-57.58,711.06
1422,11,22.0,-57.18,740.97
1423,11,22.0,-56.78,766.05
1424,11,22.0,-56.38,786.19
1425,11,22.0,-55.98,801.44
1426,11,22.0,-55.58,812.11
1427,11,22.0,-55.18,818.06
1428,11,22.0,-54.78,819.13
1429,11,22.0,-54.38,815.04
1430,11,22.0,-53.98,806.06
1431,11,22.0,-53.58,792.59
1432,11,22.0,-53.18,775.46
1433,11,22.0,-52.78,755.33
1434,11,22.0,-52.38,732.64
1435,11,22.0,-51.98,707.78
1436,11,22.0,-51.58,680.61
1437,11,22.0,-51.18,651.05
1438,11,22.0,-50.78,618.55
1439,11,22.0,-50.38,582.24
1440,11,22.0,-49.98,542.6
1441,11,22.0,-49.58,500.64
1442,11,22.0,-49.18,457.28
1443,11,22.0,-48.78,414.47
1444,11,22.0,-48.38,373.23
1445,11,22.0,-47.98,333.62
1446,11,22.0,-47.58,296.76
1447,11,22.0,-47.18,263.56
1448,11,22.0,-46.78,234.36
1449,11,22.0,-46.38,208.87
1450,11,22.0,-45.98,185.9
1451,11,22.0,-45.58,164.82
1452,11,22.0,-45.18,145.39
1453,11,22.0,-44.78,127.6
1454,11,22.0,-44.38,111.68
1455,11,22.0,-43.98,97.72
1456,11,22.0,-43.58,85.46
1457,11,22.0,-43.18,74.49
1458,11,22.0,-42.78,64.5
1459,11,22.0,-42.38,55.31
1460,11,22.0,-41.98,46.94
1461,11,22.0,-41.58,39.35
1462,11,22.0,-41.18,32.55
1463,11,22.0,-40.78,26.49
1464,11,22.0,-40.38,21.05
1465,11,22.0,-39.98,16.11
1466,11,22.0,-39.58,11.63
1467,11,22.0,-39.18,7.67
1468,11,22.0,-38.78,4.24
1469,11,22.0,-38.38,1.28
1470,11,22.0,-37.98,-1.29
1471,11,22.0,-37.58,-3.41
1472,11,22.0,-37.18,-5.19
1473,11,22.0,-36.78,-6.81
1474,11,22.0,-36.38,-8.35
1475,11,22.0,-35.98,-10.01
1476,11,22.0,-35.58,-11.81
1477,11,22.0,-35.18,-13.62
1478,11,22.0,-34.78,-15.32
1479,11,22.0,-34.38,-16.88
1480,11,22.0,-33.98,-18.26
1481,11,22.0,-33.58,-19.42
1482,11,22.0,-33.18,-20.36
1483,11,22.0,-32.78,-21.01
1484,11,22.0,-32.38,-21.46
1485,11,22.0,-31.98,-21.79
1486,11,22.0,-31.58,-22.05
1487,11,22.0,-31.18,-22.3
1488,11,22.0,-30.78,-22.57
1489,11,22.0,-30.38,-22.97
1490,12,24.0,-89.58,-24.05
1491,12,24.0,-89.18,-24.48
1492,12,24.0,-88.78,-25.32
1493,12,24.0,-88.38,-26.39
1494,12,24.0,-87.98,-27.31
1495,12,24.0,-87.58,-27.95
1496,12,24.0,-87.18,-28.66
1497,12,24.0,-86.78,-29.6
1498,12,24.0,-86.38,-30.37
1499,12,24.0,-85.98,-30.77
1500,12,24.0,-85.58,-31.36
1501,12,24.0,-85.18,-32.35
1502,12,24.0,-84.78,-33.44
1503,12,24.0,-84.38,-34.6
1504,12,24.0,-83.98,-36.02
1505,12,24.0,-83.58,-37.85
1506,12,24.0,-83.18,-39.73
1507,12,24.0,-82.78,-41.38
1508,12,24.0,-82.38,-42.56
1509,12,24.0,-81.98,-43.27
1510,12,24.0,-81.58,-43.92
1511,12,24.0,-81.18,-44.66
1512,12,24.0,-80.78,-45.77
1513,12,24.0,-80.38,-47.59
1514,12,24.0,-79.98,-49.8
1515,12,24.0,-79.58,-52.06
1516,12,24.0,-79.18,-54.27
1517,12,24.0,-78.78,-56.31
1518,12,24.0,-78.38,-58.67
1519,12,24.0,-77.98,-61.81
1520,12,24.0,-77.58,-64.69
1521,12,24.0,-77.18,-66.85
1522,12,24.0,-76.78,-69.14
1523,12,24.0,-76.38,-71.67
1524,12,24.0,-75.98,-74.24
1525,12,24.0,-75.58,-76.89
1526,12,24.0,-75.18,-79.4
1527,12,24.0,-74.78,-81.53
1528,12,24.0,-74.38,-83.87
1529,12,24.0,-73.98,-86.94
1530,12,24.0,-73.58,-90.48
1531,12,24.0,-73.18,-94.29
1532,12,24.0,-72.78,-98.34
1533,12,24.0,-72.38,-102.65
1534,12,24.0,-71.98,-106.63
1535,12,24.0,-71.58,-109.64
1536,12,24.0,-71.18,-111.95
1537,12,24.0,-70.78,-113.78
1538,12,24.0,-70.38,-114.95
1539,12,24.0,-69.98,-115.37
1540,12,24.0,-69.58,-114.95
1541,12,24.0,-69.18,-113.82
1542,12,24.0,-68.78,-112.23
1543,12,24.0,-68.38,-110.11
1544,12,24.0,-67.98,-106.81
1545,12,24.0,-67.58,-100.78
1546,12,24.0,-67.18,-91.49
1547,12,24.0,-66.78,-79.83
1548,12,24.0,-66.38,-66.19
1549,12,24.0,-65.98,-50.94
1550,12,24.0,-65.58,-34.09
1551,12,24.0,-65.18,-15.07
1552,12,24.0,-64.78,6.88
1553,12,24.0,-64.38,32.37
1554,12,24.0,-63.98,61.03
1555,12,24.0,-63.58,92.13
1556,12,24.0,-63.18,126.23
1557,12,24.0,-62.78,162.93
1558,12,24.0,-62.38,198.87
1559,12,24.0,-61.98,232.62
1560,12,24.0,-61.58,264.33
1561,12,24.0,-61.18,293.57
1562,12,24.0,-60.78,323.91
1563,12,24.0,-60.38,356.95
1564,12,24.0,-59.98,392.1
1565,12,24.0,-59.58,428.45
1566,12,24.0,-59.18,464.92
1567,12,24.0,-58.78,501.51
1568,12,24.0,-58.38,536.65
1569,12,24.0,-57.98,567.3
1570,12,24.0,-57.58,594.19
1571,12,24.0,-57.18,618.17
1572,12,24.0,-56.78,637.19
1573,12,24.0,-56.38,650.71
1574,12,24.0,-55.98,659.9
1575,12,24.0,-55.58,665.75
1576,12,24.0,-55.18,668.02
1577,12,24.0,-54.78,665.8
1578,12,24.0,-54.38,657.82
1579,12,24.0,-53.98,644.68
1580,12,24.0,-53.58,627.82
1581,12,24.0,-53.18,608.76
1582,12,24.0,-52.78,588.38
1583,12,24.0,-52.38,566.85
1584,12,24.0,-51.98,544.45
1585,12,24.0,-51.58,521.04
1586,12,24.0,-51.18,496.87
1587,12,24.0,-50.78,471.18
1588,12,24.0,-50.38,441.59
1589,12,24.0,-49.98,408.12
1590,12,24.0,-49.58,372.97
1591,12,24.0,-49.18,337.1
1592,12,24.0,-48.78,303.02
1593,12,24.0,-48.38,272.22
1594,12,24.0,-47.98,242.51
1595,12,24.0,-47.58,213.66
1596,12,24.0,-47.18,188.19
1597,12,24.0,-46.78,167.5
1598,12,24.0,-46.38,150.72
1599,12,24.0,-45.98,134.94
1600,12,24.0,-45.58,119.82
1601,12,24.0,-45.18,105.42
1602,12,24.0,-44.78,91.85
1603,12,24.0,-44.38,79.8
1604,12,24.0,-43.98,70.0
1605,12,24.0,-43.58,61.86
1606,12,24.0,-43.18,54.24
1607,12,24.0,-42.78,46.87
1608,12,24.0,-42.38,39.79
1609,12,24.0,-41.98,33.2
1610,12,24.0,-41.58,27.36
1611,12,24.0,-41.18,22.36
1612,12,24.0,-40.78,18.1
1613,12,24.0,-40.38,14.22
1614,12,24.0,-39.98,10.42
1615,12,24.0,-39.58,6.69
1616,12,24.0,-39.18,3.34
1617,12,24.0,-38.78,0.73
1618,12,24.0,-38.38,-1.5
1619,12,24.0,-37.98,-3.6
1620,12,24.0,-37.58,-5.21
1621,12,24.0,-37.18,-6.34
1622,12,24.0,-36.78,-7.27
1623,12,24.0,-36.38,-8.07
1624,12,24.0,-35.98,-9.25
1625,12,24.0,-35.58,-11.12
1626,12,24.0,-35.18,-13.01
1627,12,24.0,-34.78,-14.6
1628,12,24.0,-34.38,-16.0
1629,12,24.0,-33.98,-17.14
1630,12,24.0,-33.58,-18.15
1631,12,24.0,-33.18,-19.03
1632,12,24.0,-32.78,-19.61
1633,12,24.0,-32.38,-19.91
1634,12,24.0,-31.98,-20.13
1635,12,24.0,-31.58,-20.31
1636,12,24.0,-31.18,-20.45
1637,12,24.0,-30.78,-20.52
1638,12,24.0,-30.38,-20.74
1639,13,26.0,-89.58,-18.7
1640,13,26.0,-89.18,-19.14
1641,13,26.0,-88.78,-20.13
1642,13,26.0,-88.38,-21.69
1643,13,26.0,-87.98,-22.89
1644,13,26.0,-87.58,-23.43
1645,13,26.0,-87.18,-24.0
1646,13,26.0,-86.78,-24.72
1647,13,26.0,-86.38,-25.25
1648,13,26.0,-85.98,-25.4
1649,13,26.0,-85.58,-25.89
1650,13,26.0,-85.18,-27.0
1651,13,26.0,-84.78,-28.08
1652,13,26.0,-84.38,-28.98
1653,13,26.0,-83.98,-30.0
1654,13,26.0,-83.58,-31.28
1655,13,26.0,-83.18,-32.77
1656,13,26.0,-82.78,-34.43
1657,13,26.0,-82.38,-36.02
1658,13,26.0,-81.98,-37.34
1659,13,26.0,-81.58,-38.17
1660,13,26.0,-81.18,-38.14
1661,13,26.0,-80.78,-38.54
1662,13,26.0,-80.38,-40.05
1663,13,26.0,-79.98,-41.97
1664,13,26.0,-79.58,-44.13
1665,13,26.0,-79.18,-46.18
1666,13,26.0,-78.78,-48.04
1667,13,26.0,-78.38,-50.16
1668,13,26.0,-77.98,-52.83
1669,13,26.0,-77.58,-55.21
1670,13,26.0,-77.18,-57.09
1671,13,26.0,-76.78,-58.95
1672,13,26.0,-76.38,-60.75
1673,13,26.0,-75.98,-62.56
1674,13,26.0,-75.58,-64.54
1675,13,26.0,-75.18,-66.76
1676,13,26.0,-74.78,-69.17
1677,13,26.0,-74.38,-71.6
1678,13,26.0,-73.98,-73.97
1679,13,26.0,-73.58,-76.56
1680,13,26.0,-73.18,-79.46
1681,13,26.0,-72.78,-82.58
1682,13,26.0,-72.38,-85.79
1683,13,26.0,-71.98,-89.1
1684,13,26.0,-71.58,-92.5
1685,13,26.0,-71.18,-94.87
1686,13,26.0,-70.78,-95.79
1687,13,26.0,-70.38,-96.39
1688,13,26.0,-69.98,-97.06
1689,13,26.0,-69.58,-97.32
1690,13,26.0,-69.18,-96.61
1691,13,26.0,-68.78,-95.36
1692,13,26.0,-68.38,-93.91
1693,13,26.0,-67.98,-91.53
1694,13,26.0,-67.58,-87.02
1695,13,26.0,-67.18,-80.06
1696,13,26.0,-66.78,-71.41
1697,13,26.0,-66.38,-61.47
1698,13,26.0,-65.98,-50.5
1699,13,26.0,-65.58,-38.6
1700,13,26.0,-65.18,-25.32
1701,13,26.0,-64.78,-9.81
1702,13,26.0,-64.38,8.73
1703,13,26.0,-63.98,29.8
1704,13,26.0,-63.58,52.6
1705,13,26.0,-63.18,77.64
1706,13,26.0,-62.78,104.74
1707,13,26.0,-62.38,131.32
1708,13,26.0,-61.98,156.03
1709,13,26.0,-61.58,178.65
1710,13,26.0,-61.18,198.76
1711,13,26.0,-60.78,219.92
1712,13,26.0,-60.38,243.88
1713,13,26.0,-59.98,269.32
1714,13,26.0,-59.58,295.64
1715,13,26.0,-59.18,322.08
1716,13,26.0,-58.78,348.75
1717,13,26.0,-58.38,374.1
1718,13,26.0,-57.98,394.86
1719,13,26.0,-57.58,411.98
1720,13,26.0,-57.18,427.22
1721,13,26.0,-56.78,439.36
1722,13,26.0,-56.38,447.73
1723,13,26.0,-55.98,451.9
1724,13,26.0,-55.58,452.5
1725,13,26.0,-55.18,450.93
1726,13,26.0,-54.78,447.21
1727,13,26.0,-54.38,438.76
1728,13,26.0,-53.98,425.7
1729,13,26.0,-53.58,410.61
1730,13,26.0,-53.18,394.65
1731,13,26.0,-52.78,378.29
1732,13,26.0,-52.38,361.53
1733,13,26.0,-51.98,344.68
1734,13,26.0,-51.58,328.26
1735,13,26.0,-51.18,311.61
1736,13,26.0,-50.78,293.85
1737,13,26.0,-50.38,274.19
1738,13,26.0,-49.98,252.12
1739,13,26.0,-49.58,228.62
1740,13,26.0,-49.18,204.39
1741,13,26.0,-48.78,182.19
1742,13,26.0,-48.38,163.42
1743,13,26.0,-47.98,145.62
1744,13,26.0,-47.58,128.19
1745,13,26.0,-47.18,112.48
1746,13,26.0,-46.78,99.86
1747,13,26.0,-46.38,89.86
1748,13,26.0,-45.98,80.98
1749,13,26.0,-45.58,72.08
1750,13,26.0,-45.18,62.8
1751,13,26.0,-44.78,54.2
1752,13,26.0,-44.38,47.21
1753,13,26.0,-43.98,41.9
1754,13,26.0,-43.58,37.64
1755,13,26.0,-43.18,33.33
1756,13,26.0,-42.78,28.8
1757,13,26.0,-42.38,24.35
1758,13,26.0,-41.98,19.9
1759,13,26.0,-41.58,15.69
1760,13,26.0,-41.18,12.19
1761,13,26.0,-40.78,9.41
1762,13,26.0,-40.38,6.97
1763,13,26.0,-39.98,4.52
1764,13,26.0,-39.58,1.99
1765,13,26.0,-39.18,-0.13
1766,13,26.0,-38.78,-1.62
1767,13,26.0,-38.38,-3.04
1768,13,26.0,-37.98,-4.67
1769,13,26.0,-37.58,-5.88
1770,13,26.0,-37.18,-6.05
1771,13,26.0,-36.78,-6.13
1772,13,26.0,-36.38,-6.81
1773,13,26.0,-35.98,-8.02
1774,13,26.0,-35.58,-9.81
1775,13,26.0,-35.18,-11.56
1776,13,26.0,-34.78,-13.03
1777,13,26.0,-34.38,-14.06
1778,13,26.0,-33.98,-14.63
1779,13,26.0,-33.58,-15.22
1780,13,26.0,-33.18,-15.96
1781,13,26.0,-32.78,-16.56
1782,13,26.0,-32.38,-16.96
1783,13,26.0,-31.98,-17.35
1784,13,26.0,-31.58,-17.77
1785,13,26.0,-31.18,-18.13
1786,13,26.0,-30.78,-18.3
1787,13,26.0,-30.38,-18.17
1788,14,28.0,-89.58,-15.72
1789,14,28.0,-89.18,-16.16
1790,14,28.0,-88.78,-16.98
1791,14,28.0,-88.38,-18.52
1792,14,28.0,-87.98,-19.93
1793,14,28.0,-87.58,-20.71
1794,14,28.0,-87.18,-21.18
1795,14,28.0,-86.78,-21.42
1796,14,28.0,-86.38,-21.69
1797,14,28.0,-85.98,-22.0
1798,14,28.0,-85.58,-22.5
1799,14,28.0,-85.18,-23.37
1800,14,28.0,-84.78,-24.34
1801,14,28.0,-84.38,-25.21
1802,14,28.0,-83.98,-26.19
1803,14,28.0,-83.58,-27.3
1804,14,28.0,-83.18,-28.57
1805,14,28.0,-82.78,-29.99
1806,14,28.0,-82.38,-31.14
1807,14,28.0,-81.98,-31.9
1808,14,28.0,-81.58,-32.59
1809,14,28.0,-81.18,-33.28
1810,14,28.0,-80.78,-34.17
1811,14,28.0,-80.38,-35.6
1812,14,28.0,-79.98,-37.12
1813,14,28.0,-79.58,-38.41
1814,14,28.0,-79.18,-39.74
1815,14,28.0,-78.78,-41.16
1816,14,28.0,-78.38,-42.94
1817,14,28.0,-77.98,-45.11
1818,14,28.0,-77.58,-47.31
1819,14,28.0,-77.18,-49.38
1820,14,28.0,-76.78,-51.29
1821,14,28.0,-76.38,-52.98
1822,14,28.0,-75.98,-54.6
1823,14,28.0,-75.58,-56.22
1824,14,28.0,-75.18,-57.75
1825,14,28.0,-74.78,-59.14
1826,14,28.0,-74.38,-60.75
1827,14,28.0,-73.98,-62.89
1828,14,28.0,-73.58,-65.33
1829,14,28.0,-73.18,-67.86
1830,14,28.0,-72.78,-70.42
1831,14,28.0,-72.38,-72.99
1832,14,28.0,-71.98,-75.56
1833,14,28.0,-71.58,-77.99
1834,14,28.0,-71.18,-79.94
1835,14,28.0,-70.78,-80.98
1836,14,28.0,-70.38,-81.57
1837,14,28.0,-69.98,-82.19
1838,14,28.0,-69.58,-82.65
1839,14,28.0,-69.18,-82.85
1840,14,28.0,-68.78,-82.7
1841,14,28.0,-68.38,-82.06
1842,14,28.0,-67.98,-80.89
1843,14,28.0,-67.58,-78.89
1844,14,28.0,-67.18,-75.48
1845,14,28.0,-66.78,-70.56
1846,14,28.0,-66.38,-64.58
1847,14,28.0,-65.98,-58.0
1848,14,28.0,-65.58,-50.89
1849,14,28.0,-65.18,-43.04
1850,14,28.0,-64.78,-34.12
1851,14,28.0,-64.38,-23.49
1852,14,28.0,-63.98,-10.76
1853,14,28.0,-63.58,3.58
1854,14,28.0,-63.18,19.17
1855,14,28.0,-62.78,35.55
1856,14,28.0,-62.38,51.59
1857,14,28.0,-61.98,66.67
1858,14,28.0,-61.58,80.45
1859,14,28.0,-61.18,92.77
1860,14,28.0,-60.78,105.94
1861,14,28.0,-60.38,120.68
1862,14,28.0,-59.98,135.76
1863,14,28.0,-59.58,151.06
1864,14,28.0,-59.18,166.36
1865,14,28.0,-58.78,181.35
1866,14,28.0,-58.38,195.46
1867,14,28.0,-57.98,207.52
1868,14,28.0,-57.58,217.57
1869,14,28.0,-57.18,226.1
1870,14,28.0,-56.78,232.47
1871,14,28.0,-56.38,236.39
1872,14,28.0,-55.98,237.82
1873,14,28.0,-55.58,237.19
1874,14,28.0,-55.18,234.95
1875,14,28.0,-54.78,231.15
1876,14,28.0,-54.38,225.26
1877,14,28.0,-53.98,217.4
1878,14,28.0,-53.58,208.24
1879,14,28.0,-53.18,198.35
1880,14,28.0,-52.78,188.65
1881,14,28.0,-52.38,179.21
1882,14,28.0,-51.98,169.74
1883,14,28.0,-51.58,160.24
1884,14,28.0,-51.18,150.8
1885,14,28.0,-50.78,141.35
1886,14,28.0,-50.38,131.14
1887,14,28.0,-49.98,119.59
1888,14,28.0,-49.58,107.47
1889,14,28.0,-49.18,95.4
1890,14,28.0,-48.78,84.45
1891,14,28.0,-48.38,75.1
1892,14,28.0,-47.98,66.17
1893,14,28.0,-47.58,57.28
1894,14,28.0,-47.18,49.38
1895,14,28.0,-46.78,43.78
1896,14,28.0,-46.38,39.59
1897,14,28.0,-45.98,35.61
1898,14,28.0,-45.58,31.5
1899,14,28.0,-45.18,27.03
1900,14,28.0,-44.78,22.79
1901,14,28.0,-44.38,19.2
1902,14,28.0,-43.98,16.57
1903,14,28.0,-43.58,14.56
1904,14,28.0,-43.18,12.6
1905,14,28.0,-42.78,10.63
1906,14,28.0,-42.38,8.49
1907,14,28.0,-41.98,5.98
1908,14,28.0,-41.58,3.56
1909,14,28.0,-41.18,1.6
1910,14,28.0,-40.78,-0.08
1911,14,28.0,-40.38,-1.55
1912,14,28.0,-39.98,-2.87
1913,14,28.0,-39.58,-4.03
1914,14,28.0,-39.18,-5.02
1915,14,28.0,-38.78,-5.84
1916,14,28.0,-38.38,-6.71
1917,14,28.0,-37.98,-7.74
1918,14,28.0,-37.58,-8.46
1919,14,28.0,-37.18,-8.86
1920,14,28.0,-36.78,-9.17
1921,14,28.0,-36.38,-9.4
1922,14,28.0,-35.98,-9.97
1923,14,28.0,-35.58,-11.31
1924,14,28.0,-35.18,-12.63
1925,14,28.0,-34.78,-13.47
1926,14,28.0,-34.38,-14.12
1927,14,28.0,-33.98,-14.64
1928,14,28.0,-33.58,-15.12
1929,14,28.0,-33.18,-15.58
1930,14,28.0,-32.78,-16.12
1931,14,28.0,-32.38,-16.81
1932,14,28.0,-31.98,-17.22
1933,14,28.0,-31.58,-17.12
1934,14,28.0,-31.18,-16.98
1935,14,28.0,-30.78,-16.96
1936,14,28.0,-30.38,-16.93
1937,15,30.0,-89.58,-13.17
1938,15,30.0,-89.18,-14.27
1939,15,30.0,-88.78,-15.37
1940,15,30.0,-88.38,-16.19
1941,15,30.0,-87.98,-16.77
1942,15,30.0,-87.58,-16.97
1943,15,30.0,-87.18,-17.41
1944,15,30.0,-86.78,-18.45
1945,15,30.0,-86.38,-19.12
1946,15,30.0,-85.98,-19.25
1947,15,30.0,-85.58,-19.39
1948,15,30.0,-85.18,-19.56
1949,15,30.0,-84.78,-20.01
1950,15,30.0,-84.38,-21.11
1951,15,30.0,-83.98,-22.28
1952,15,30.0,-83.58,-23.15
1953,15,30.0,-83.18,-24.2
1954,15,30.0,-82.78,-25.58
1955,15,30.0,-82.38,-26.91
1956,15,30.0,-81.98,-27.95
1957,15,30.0,-81.58,-28.68
1958,15,30.0,-81.18,-29.12
1959,15,30.0,-80.78,-29.72
1960,15,30.0,-80.38,-30.65
1961,15,30.0,-79.98,-31.74
1962,15,30.0,-79.58,-32.97
1963,15,30.0,-79.18,-34.08
1964,15,30.0,-78.78,-34.84
1965,15,30.0,-78.38,-36.08
1966,15,30.0,-77.98,-38.39
1967,15,30.0,-77.58,-40.6
1968,15,30.0,-77.18,-42.31
1969,15,30.0,-76.78,-44.05
1970,15,30.0,-76.38,-45.8
1971,15,30.0,-75.98,-47.34
1972,15,30.0,-75.58,-48.4
1973,15,30.0,-75.18,-49.33
1974,15,30.0,-74.78,-50.42
1975,15,30.0,-74.38,-51.65
1976,15,30.0,-73.98,-53.12
1977,15,30.0,-73.58,-54.76
1978,15,30.0,-73.18,-56.57
1979,15,30.0,-72.78,-58.72
1980,15,30.0,-72.38,-61.4
1981,15,30.0,-71.98,-63.65
1982,15,30.0,-71.58,-65.09
1983,15,30.0,-71.18,-66.36
1984,15,30.0,-70.78,-67.52
1985,15,30.0,-70.38,-68.45
1986,15,30.0,-69.98,-69.09
1987,15,30.0,-69.58,-69.75
1988,15,30.0,-69.18,-70.57
1989,15,30.0,-68.78,-71.17
1990,15,30.0,-68.38,-71.34
1991,15,30.0,-67.98,-71.35
1992,15,30.0,-67.58,-71.23
1993,15,30.0,-67.18,-70.51
1994,15,30.0,-66.78,-68.57
1995,15,30.0,-66.38,-65.67
1996,15,30.0,-65.98,-62.46
1997,15,30.0,-65.58,-59.06
1998,15,30.0,-65.18,-55.49
1999,15,30.0,-64.78,-51.6
2000,15,30.0,-64.38,-46.71
2001,15,30.0,-63.98,-40.48
2002,15,30.0,-63.58,-33.37
2003,15,30.0,-63.18,-25.7
2004,15,30.0,-62.78,-17.68
2005,15,30.0,-62.38,-9.81
2006,15,30.0,-61.98,-2.46
2007,15,30.0,-61.58,4.31
2008,15,30.0,-61.18,10.41
2009,15,30.0,-60.78,17.0
2010,15,30.0,-60.38,24.86
2011,15,30.0,-59.98,32.3
2012,15,30.0,-59.58,38.9
2013,15,30.0,-59.18,45.6
2014,15,30.0,-58.78,52.28
2015,15,30.0,-58.38,58.66
2016,15,30.0,-57.98,64.51
2017,15,30.0,-57.58,69.87
2018,15,30.0,-57.18,74.61
2019,15,30.0,-56.78,78.29
2020,15,30.0,-56.38,80.39
2021,15,30.0,-55.98,81.24
2022,15,30.0,-55.58,81.27
2023,15,30.0,-55.18,80.18
2024,15,30.0,-54.78,78.14
2025,15,30.0,-54.38,75.56
2026,15,30.0,-53.98,72.59
2027,15,30.0,-53.58,69.25
2028,15,30.0,-53.18,65.59
2029,15,30.0,-52.78,61.71
2030,15,30.0,-52.38,57.71
2031,15,30.0,-51.98,53.82
2032,15,30.0,-51.58,50.15
2033,15,30.0,-51.18,46.81
2034,15,30.0,-50.78,44.04
2035,15,30.0,-50.38,40.65
2036,15,30.0,-49.98,35.78
2037,15,30.0,-49.58,31.15
2038,15,30.0,-49.18,27.34
2039,15,30.0,-48.78,23.69
2040,15,30.0,-48.38,20.28
2041,15,30.0,-47.98,17.2
2042,15,30.0,-47.58,14.55
2043,15,30.0,-47.18,12.11
2044,15,30.0,-46.78,9.69
2045,15,30.0,-46.38,7.9
2046,15,30.0,-45.98,7.29
2047,15,30.0,-45.58,6.54
2048,15,30.0,-45.18,5.07
2049,15,30.0,-44.78,3.58
2050,15,30.0,-44.38,2.05
2051,15,30.0,-43.98,0.8
2052,15,30.0,-43.58,-0.02
2053,15,30.0,-43.18,-0.85
2054,15,30.0,-42.78,-1.92
2055,15,30.0,-42.38,-2.9
2056,15,30.0,-41.98,-3.59
2057,15,30.0,-41.58,-4.15
2058,15,30.0,-41.18,-4.58
2059,15,30.0,-40.78,-5.21
2060,15,30.0,-40.38,-6.37
2061,15,30.0,-39.98,-7.35
2062,15,30.0,-39.58,-7.89
2063,15,30.0,-39.18,-8.6
2064,15,30.0,-38.78,-9.55
2065,15,30.0,-38.38,-10.62
2066,15,30.0,-37.98,-11.85
2067,15,30.0,-37.58,-12.41
2068,15,30.0,-37.18,-11.54
2069,15,30.0,-36.78,-10.61
2070,15,30.0,-36.38,-10.41
2071,15,30.0,-35.98,-10.85
2072,15,30.0,-35.58,-11.97
2073,15,30.0,-35.18,-13.04
2074,15,30.0,-34.78,-13.81
2075,15,30.0,-34.38,-14.3
2076,15,30.0,-33.98,-14.49
2077,15,30.0,-33.58,-14.64
2078,15,30.0,-33.18,-14.85
2079,15,30.0,-32.78,-15.13
2080,15,30.0,-32.38,-15.58
2081,15,30.0,-31.98,-16.01
2082,15,30.0,-31.58,-16.22
2083,15,30.0,-31.18,-16.1
2084,15,30.0,-30.78,-15.41
2085,15,30.0,-30.38,-15.15
2086,16,32.0,-89.58,-8.05
2087,16,32.0,-89.18,-9.54
2088,16,32.0,-88.78,-10.62
2089,16,32.0,-88.38,-10.87
2090,16,32.0,-87.98,-11.15
2091,16,32.0,-87.58,-11.5
2092,16,32.0,-87.18,-12.04
2093,16,32.0,-86.78,-12.89
2094,16,32.0,-86.38,-13.46
2095,16,32.0,-85.98,-13.58
2096,16,32.0,-85.58,-13.61
2097,16,32.0,-85.18,-13.66
2098,16,32.0,-84.78,-14.06
2099,16,32.0,-84.38,-14.94
2100,16,32.0,-83.98,-15.92
2101,16,32.0,-83.58,-16.83
2102,16,32.0,-83.18,-17.86
2103,16,32.0,-82.78,-19.13
2104,16,32.0,-82.38,-20.3
2105,16,32.0,-81.98,-21.09
2106,16,32.0,-81.58,-21.45
2107,16,32.0,-81.18,-21.27
2108,16,32.0,-80.78,-21.29
2109,16,32.0,-80.38,-22.18
2110,16,32.0,-79.98,-23.61
2111,16,32.0,-79.58,-25.41
2112,16,32.0,-79.18,-26.84
2113,16,32.0,-78.78,-27.72
2114,16,32.0,-78.38,-28.8
2115,16,32.0,-77.98,-30.27
2116,16,32.0,-77.58,-31.7
2117,16,32.0,-77.18,-32.95
2118,16,32.0,-76.78,-34.29
2119,16,32.0,-76.38,-35.93
2120,16,32.0,-75.98,-37.4
2121,16,32.0,-75.58,-38.41
2122,16,32.0,-75.18,-38.93
2123,16,32.0,-74.78,-38.9
2124,16,32.0,-74.38,-39.56
2125,16,32.0,-73.98,-41.39
2126,16,32.0,-73.58,-43.09
2127,16,32.0,-73.18,-44.56
2128,16,32.0,-72.78,-46.13
2129,16,32.0,-72.38,-47.84
2130,16,32.0,-71.98,-49.37
2131,16,32.0,-71.58,-50.52
2132,16,32.0,-71.18,-51.6
2133,16,32.0,-70.78,-52.75
2134,16,32.0,-70.38,-53.67
2135,16,32.0,-69.98,-54.31
2136,16,32.0,-69.58,-54.87
2137,16,32.0,-69.18,-55.4
2138,16,32.0,-68.78,-56.07
2139,16,32.0,-68.38,-56.96
2140,16,32.0,-67.98,-57.94
2141,16,32.0,-67.58,-58.95
2142,16,32.0,-67.18,-59.72
2143,16,32.0,-66.78,-59.63
2144,16,32.0,-66.38,-58.51
2145,16,32.0,-65.98,-57.03
2146,16,32.0,-65.58,-55.57
2147,16,32.0,-65.18,-54.08
2148,16,32.0,-64.78,-52.56
2149,16,32.0,-64.38,-51.02
2150,16,32.0,-63.98,-49.36
2151,16,32.0,-63.58,-47.22
2152,16,32.0,-63.18,-44.32
2153,16,32.0,-62.78,-40.89
2154,16,32.0,-62.38,-37.5
2155,16,32.0,-61.98,-34.3
2156,16,32.0,-61.58,-31.49
2157,16,32.0,-61.18,-29.39
2158,16,32.0,-60.78,-27.15
2159,16,32.0,-60.38,-24.39
2160,16,32.0,-59.98,-21.44
2161,16,32.0,-59.58,-18.36
2162,16,32.0,-59.18,-15.34
2163,16,32.0,-58.78,-12.42
2164,16,32.0,-58.38,-9.77
2165,16,32.0,-57.98,-7.49
2166,16,32.0,-57.58,-5.39
2167,16,32.0,-57.18,-3.41
2168,16,32.0,-56.78,-1.33
2169,16,32.0,-56.38,1.12
2170,16,32.0,-55.98,3.08
2171,16,32.0,-55.58,3.8
2172,16,32.0,-55.18,3.8
2173,16,32.0,-54.78,3.58
2174,16,32.0,-54.38,3.45
2175,16,32.0,-53.98,3.49
2176,16,32.0,-53.58,3.41
2177,16,32.0,-53.18,3.0
2178,16,32.0,-52.78,2.35
2179,16,32.0,-52.38,1.64
2180,16,32.0,-51.98,1.0
2181,16,32.0,-51.58,0.44
2182,16,32.0,-51.18,0.07
2183,16,32.0,-50.78,0.08
2184,16,32.0,-50.38,0.14
2185,16,32.0,-49.98,-0.05
2186,16,32.0,-49.58,-0.54
2187,16,32.0,-49.18,-1.26
2188,16,32.0,-48.78,-2.0
2189,16,32.0,-48.38,-2.76
2190,16,32.0,-47.98,-3.36
2191,16,32.0,-47.58,-3.5
2192,16,32.0,-47.18,-3.32
2193,16,32.0,-46.78,-3.07
2194,16,32.0,-46.38,-2.85
2195,16,32.0,-45.98,-2.67
2196,16,32.0,-45.58,-2.73
2197,16,32.0,-45.18,-3.26
2198,16,32.0,-44.78,-3.82
2199,16,32.0,-44.38,-4.13
2200,16,32.0,-43.98,-4.45
2201,16,32.0,-43.58,-4.77
2202,16,32.0,-43.18,-4.91
2203,16,32.0,-42.78,-4.62
2204,16,32.0,-42.38,-4.65
2205,16,32.0,-41.98,-5.44
2206,16,32.0,-41.58,-6.14
2207,16,32.0,-41.18,-6.54
2208,16,32.0,-40.78,-6.74
2209,16,32.0,-40.38,-6.68
2210,16,32.0,-39.98,-6.72
2211,16,32.0,-39.58,-7.09
2212,16,32.0,-39.18,-7.87
2213,16,32.0,-38.78,-9.17
2214,16,32.0,-38.38,-10.28
2215,16,32.0,-37.98,-10.64
2216,16,32.0,-37.58,-10.27
2217,16,32.0,-37.18,-9.21
2218,16,32.0,-36.78,-8.19
2219,16,32.0,-36.38,-7.8
2220,16,32.0,-35.98,-8.13
2221,16,32.0,-35.58,-9.01
2222,16,32.0,-35.18,-9.88
2223,16,32.0,-34.78,-10.72
2224,16,32.0,-34.38,-11.38
2225,16,32.0,-33.98,-11.49
2226,16,32.0,-33.58,-11.25
2227,16,32.0,-33.18,-10.95
2228,16,32.0,-32.78,-10.92
2229,16,32.0,-32.38,-11.17
2230,16,32.0,-31.98,-11.46
2231,16,32.0,-31.58,-11.75
2232,16,32.0,-31.18,-12.03
2233,16,32.0,-30.78,-12.26
2234,16,32.0,-30.38,-12.27
2235,17,34.0,-89.58,-3.9
2236,17,34.0,-89.18,-4.49
2237,17,34.0,-88.78,-5.12
2238,17,34.0,-88.38,-5.78
2239,17,34.0,-87.98,-6.32
2240,17,34.0,-87.58,-6.63
2241,17,34.0,-87.18,-6.95
2242,17,34.0,-86.78,-7.55
2243,17,34.0,-86.38,-7.83
2244,17,34.0,-85.98,-7.22
2245,17,34.0,-85.58,-7.05
2246,17,34.0,-85.18,-7.95
2247,17,34.0,-84.78,-8.65
2248,17,34.0,-84.38,-8.97
2249,17,34.0,-83.98,-9.65
2250,17,34.0,-83.58,-10.75
2251,17,34.0,-83.18,-11.89
2252,17,34.0,-82.78,-13.08
2253,17,34.0,-82.38,-14.12
2254,17,34.0,-81.98,-14.67
2255,17,34.0,-81.58,-14.56
2256,17,34.0,-81.18,-13.83
2257,17,34.0,-80.78,-14.0
2258,17,34.0,-80.38,-15.5
2259,17,34.0,-79.98,-17.01
2260,17,34.0,-79.58,-18.4
2261,17,34.0,-79.18,-19.35
2262,17,34.0,-78.78,-19.39
2263,17,34.0,-78.38,-19.98
2264,17,34.0,-77.98,-21.71
2265,17,34.0,-77.58,-23.32
2266,17,34.0,-77.18,-24.73
2267,17,34.0,-76.78,-26.12
2268,17,34.0,-76.38,-27.42
2269,17,34.0,-75.98,-28.3
2270,17,34.0,-75.58,-28.48
2271,17,34.0,-75.18,-28.63
2272,17,34.0,-74.78,-29.19
2273,17,34.0,-74.38,-30.03
2274,17,34.0,-73.98,-31.3
2275,17,34.0,-73.58,-32.43
2276,17,34.0,-73.18,-33.13
2277,17,34.0,-72.78,-34.11
2278,17,34.0,-72.38,-35.49
2279,17,34.0,-71.98,-36.82
2280,17,34.0,-71.58,-38.06
2281,17,34.0,-71.18,-39.17
2282,17,34.0,-70.78,-40.03
2283,17,34.0,-70.38,-40.56
2284,17,34.0,-69.98,-40.9
2285,17,34.0,-69.58,-41.18
2286,17,34.0,-69.18,-41.39
2287,17,34.0,-68.78,-42.0
2288,17,34.0,-68.38,-43.37
2289,17,34.0,-67.98,-44.88
2290,17,34.0,-67.58,-46.24
2291,17,34.0,-67.18,-46.88
2292,17,34.0,-66.78,-45.82
2293,17,34.0,-66.38,-44.82
2294,17,34.0,-65.98,-44.84
2295,17,34.0,-65.58,-44.91
2296,17,34.0,-65.18,-45.08
2297,17,34.0,-64.78,-45.18
2298,17,34.0,-64.38,-45.12
2299,17,34.0,-63.98,-44.59
2300,17,34.0,-63.58,-43.34
2301,17,34.0,-63.18,-42.18
2302,17,34.0,-62.78,-41.45
2303,17,34.0,-62.38,-40.75
2304,17,34.0,-61.98,-40.18
2305,17,34.0,-61.58,-39.47
2306,17,34.0,-61.18,-38.31
2307,17,34.0,-60.78,-36.86
2308,17,34.0,-60.38,-35.24
2309,17,34.0,-59.98,-33.98
2310,17,34.0,-59.58,-33.46
2311,17,34.0,-59.18,-32.91
2312,17,34.0,-58.78,-32.02
2313,17,34.0,-58.38,-30.91
2314,17,34.0,-57.98,-29.35
2315,17,34.0,-57.58,-27.88
2316,17,34.0,-57.18,-26.92
2317,17,34.0,-56.78,-25.66
2318,17,34.0,-56.38,-23.85
2319,17,34.0,-55.98,-22.37
2320,17,34.0,-55.58,-21.35
2321,17,34.0,-55.18,-20.31
2322,17,34.0,-54.78,-19.18
2323,17,34.0,-54.38,-18.14
2324,17,34.0,-53.98,-17.39
2325,17,34.0,-53.58,-16.6
2326,17,34.0,-53.18,-15.56
2327,17,34.0,-52.78,-14.73
2328,17,34.0,-52.38,-14.31
2329,17,34.0,-51.98,-13.8
2330,17,34.0,-51.58,-12.97
2331,17,34.0,-51.18,-12.29
2332,17,34.0,-50.78,-12.07
2333,17,34.0,-50.38,-11.63
2334,17,34.0,-49.98,-10.68
2335,17,34.0,-49.58,-9.96
2336,17,34.0,-49.18,-9.72
2337,17,34.0,-48.78,-9.38
2338,17,34.0,-48.38,-8.77
2339,17,34.0,-47.98,-8.23
2340,17,34.0,-47.58,-7.72
2341,17,34.0,-47.18,-7.27
2342,17,34.0,-46.78,-7.09
2343,17,34.0,-46.38,-6.7
2344,17,34.0,-45.98,-5.66
2345,17,34.0,-45.58,-5.1
2346,17,34.0,-45.18,-5.41
2347,17,34.0,-44.78,-5.97
2348,17,34.0,-44.38,-6.69
2349,17,34.0,-43.98,-6.84
2350,17,34.0,-43.58,-6.32
2351,17,34.0,-43.18,-5.82
2352,17,34.0,-42.78,-5.47
2353,17,34.0,-42.38,-5.39
2354,17,34.0,-41.98,-5.67
2355,17,34.0,-41.58,-5.92
2356,17,34.0,-41.18,-5.96
2357,17,34.0,-40.78,-5.97
2358,17,34.0,-40.38,-5.97
2359,17,34.0,-39.98,-6.12
2360,17,34.0,-39.58,-6.67
2361,17,34.0,-39.18,-7.17
2362,17,34.0,-38.78,-7.26
2363,17,34.0,-38.38,-7.45
2364,17,34.0,-37.98,-7.98
2365,17,34.0,-37.58,-7.94
2366,17,34.0,-37.18,-6.86
2367,17,34.0,-36.78,-5.7
2368,17,34.0,-36.38,-5.04
2369,17,34.0,-35.98,-5.18
2370,17,34.0,-35.58,-6.34
2371,17,34.0,-35.18,-7.52
2372,17,34.0,-34.78,-8.23
2373,17,34.0,-34.38,-8.46
2374,17,34.0,-33.98,-8.02
2375,17,34.0,-33.58,-7.71
2376,17,34.0,-33.18,-7.79
2377,17,34.0,-32.78,-7.95
2378,17,34.0,-32.38,-8.22
2379,17,34.0,-31.98,-8.38
2380,17,34.0,-31.58,-8.29
2381,17,34.0,-31.18,-8.29
2382,17,34.0,-30.78,-8.55
2383,17,34.0,-30.38,-8.77
2384,18,36.0,-89.58,-3.16
2385,18,36.0,-89.18,-3.84
2386,18,36.0,-88.78,-4.64
2387,18,36.0,-88.38,-5.57
2388,18,36.0,-87.98,-6.18
2389,18,36.0,-87.58,-6.35
2390,18,36.0,-87.18,-6.55
2391,18,36.0,-86.78,-6.86
2392,18,36.0,-86.38,-7.06
2393,18,36.0,-85.98,-7.03
2394,18,36.0,-85.58,-7.06
2395,18,36.0,-85.18,-7.37
2396,18,36.0,-84.78,-7.87
2397,18,36.0,-84.38,-8.53
2398,18,36.0,-83.98,-9.4
2399,18,36.0,-83.58,-10.4
2400,18,36.0,-83.18,-11.34
2401,18,36.0,-82.78,-12.2
2402,18,36.0,-82.38,-12.97
2403,18,36.0,-81.98,-13.61
2404,18,36.0,-81.58,-13.68
2405,18,36.0,-81.18,-12.72
2406,18,36.0,-80.78,-12.69
2407,18,36.0,-80.38,-14.28
2408,18,36.0,-79.98,-15.83
2409,18,36.0,-79.58,-17.1
2410,18,36.0,-79.18,-17.95
2411,18,36.0,-78.78,-18.13
2412,18,36.0,-78.38,-18.5
2413,18,36.0,-77.98,-19.45
2414,18,36.0,-77.58,-20.61
2415,18,36.0,-77.18,-21.92
2416,18,36.0,-76.78,-23.07
2417,18,36.0,-76.38,-23.95
2418,18,36.0,-75.98,-24.75
2419,18,36.0,-75.58,-25.54
2420,18,36.0,-75.18,-25.96
2421,18,36.0,-74.78,-25.65
2422,18,36.0,-74.38,-25.86
2423,18,36.0,-73.98,-27.1
2424,18,36.0,-73.58,-28.15
2425,18,36.0,-73.18,-28.69
2426,18,36.0,-72.78,-29.59
2427,18,36.0,-72.38,-31.3
2428,18,36.0,-71.98,-32.89
2429,18,36.0,-71.58,-33.92
2430,18,36.0,-71.18,-34.55
2431,18,36.0,-70.78,-34.84
2432,18,36.0,-70.38,-34.99
2433,18,36.0,-69.98,-35.06
2434,18,36.0,-69.58,-35.35
2435,18,36.0,-69.18,-36.13
2436,18,36.0,-68.78,-36.86
2437,18,36.0,-68.38,-37.28
2438,18,36.0,-67.98,-37.86
2439,18,36.0,-67.58,-38.61
2440,18,36.0,-67.18,-39.1
2441,18,36.0,-66.78,-39.24
2442,18,36.0,-66.38,-39.32
2443,18,36.0,-65.98,-39.4
2444,18,36.0,-65.58,-39.68
2445,18,36.0,-65.18,-40.27
2446,18,36.0,-64.78,-40.48
2447,18,36.0,-64.38,-40.12
2448,18,36.0,-63.98,-39.79
2449,18,36.0,-63.58,-39.53
2450,18,36.0,-63.18,-39.3
2451,18,36.0,-62.78,-39.14
2452,18,36.0,-62.38,-38.86
2453,18,36.0,-61.98,-38.3
2454,18,36.0,-61.58,-37.84
2455,18,36.0,-61.18,-37.74
2456,18,36.0,-60.78,-37.51
2457,18,36.0,-60.38,-37.04
2458,18,36.0,-59.98,-36.6
2459,18,36.0,-59.58,-36.16
2460,18,36.0,-59.18,-35.82
2461,18,36.0,-58.78,-35.67
2462,18,36.0,-58.38,-35.5
2463,18,36.0,-57.98,-35.06
2464,18,36.0,-57.58,-34.02
2465,18,36.0,-57.18,-31.88
2466,18,36.0,-56.78,-29.93
2467,18,36.0,-56.38,-28.95
2468,18,36.0,-55.98,-28.39
2469,18,36.0,-55.58,-28.14
2470,18,36.0,-55.18,-27.51
2471,18,36.0,-54.78,-26.43
2472,18,36.0,-54.38,-25.21
2473,18,36.0,-53.98,-23.9
2474,18,36.0,-53.58,-22.85
2475,18,36.0,-53.18,-22.2
2476,18,36.0,-52.78,-21.56
2477,18,36.0,-52.38,-20.84
2478,18,36.0,-51.98,-20.27
2479,18,36.0,-51.58,-20.03
2480,18,36.0,-51.18,-19.72
2481,18,36.0,-50.78,-19.14
2482,18,36.0,-50.38,-18.44
2483,18,36.0,-49.98,-17.66
2484,18,36.0,-49.58,-16.84
2485,18,36.0,-49.18,-15.86
2486,18,36.0,-48.78,-15.21
2487,18,36.0,-48.38,-15.43
2488,18,36.0,-47.98,-15.65
2489,18,36.0,-47.58,-15.35
2490,18,36.0,-47.18,-14.7
2491,18,36.0,-46.78,-13.57
2492,18,36.0,-46.38,-12.69
2493,18,36.0,-45.98,-12.44
2494,18,36.0,-45.58,-12.58
2495,18,36.0,-45.18,-13.01
2496,18,36.0,-44.78,-13.45
2497,18,36.0,-44.38,-13.68
2498,18,36.0,-43.98,-13.4
2499,18,36.0,-43.58,-12.49
2500,18,36.0,-43.18,-11.57
2501,18,36.0,-42.78,-11.0
2502,18,36.0,-42.38,-10.89
2503,18,36.0,-41.98,-11.33
2504,18,36.0,-41.58,-11.62
2505,18,36.0,-41.18,-11.49
2506,18,36.0,-40.78,-11.22
2507,18,36.0,-40.38,-10.76
2508,18,36.0,-39.98,-10.65
2509,18,36.0,-39.58,-11.2
2510,18,36.0,-39.18,-11.68
2511,18,36.0,-38.78,-11.87
2512,18,36.0,-38.38,-12.16
2513,18,36.0,-37.98,-12.66
2514,18,36.0,-37.58,-12.57
2515,18,36.0,-37.18,-11.37
2516,18,36.0,-36.78,-9.94
2517,18,36.0,-36.38,-8.86
2518,18,36.0,-35.98,-8.58
2519,18,36.0,-35.58,-9.3
2520,18,36.0,-35.18,-10.32
2521,18,36.0,-34.78,-11.36
2522,18,36.0,-34.38,-12.19
2523,18,36.0,-33.98,-12.54
2524,18,36.0,-33.58,-12.54
2525,18,36.0,-33.18,-12.44
2526,18,36.0,-32.78,-12.3
2527,18,36.0,-32.38,-12.14
2528,18,36.0,-31.98,-12.02
2529,18,36.0,-31.58,-11.93
2530,18,36.0,-31.18,-11.71
2531,18,36.0,-30.78,-11.21
2532,18,36.0,-30.38,-10.62
2533,19,38.0,-89.58,-6.94
2534,19,38.0,-89.18,-7.96
2535,19,38.0,-88.78,-8.86
2536,19,38.0,-88.38,-9.18
2537,19,38.0,-87.98,-9.55
2538,19,38.0,-87.58,-9.98
2539,19,38.0,-87.18,-10.53
2540,19,38.0,-86.78,-11.39
2541,19,38.0,-86.38,-11.91
2542,19,38.0,-85.98,-11.57
2543,19,38.0,-85.58,-11.37
2544,19,38.0,-85.18,-11.79
2545,19,38.0,-84.78,-12.65
2546,19,38.0,-84.38,-13.97
2547,19,38.0,-83.98,-15.13
2548,19,38.0,-83.58,-15.85
2549,19,38.0,-83.18,-16.31
2550,19,38.0,-82.78,-16.55
2551,19,38.0,-82.38,-16.86
2552,19,38.0,-81.98,-17.33
2553,19,38.0,-81.58,-17.63
2554,19,38.0,-81.18,-17.6
2555,19,38.0,-80.78,-17.8
2556,19,38.0,-80.38,-18.47
2557,19,38.0,-79.98,-19.3
2558,19,38.0,-79.58,-20.22
2559,19,38.0,-79.18,-20.95
2560,19,38.0,-78.78,-21.28
2561,19,38.0,-78.38,-21.84
2562,19,38.0,-77.98,-22.85
2563,19,38.0,-77.58,-23.93
2564,19,38.0,-77.18,-25.07
2565,19,38.0,-76.78,-26.25
2566,19,38.0,-76.38,-27.35
2567,19,38.0,-75.98,-27.85
2568,19,38.0,-75.58,-27.75
2569,19,38.0,-75.18,-27.56
2570,19,38.0,-74.78,-27.33
2571,19,38.0,-74.38,-27.72
2572,19,38.0,-73.98,-29.85
2573,19,38.0,-73.58,-31.59
2574,19,38.0,-73.18,-31.96
2575,19,38.0,-72.78,-32.44
2576,19,38.0,-72.38,-32.92
2577,19,38.0,-71.98,-33.65
2578,19,38.0,-71.58,-35.14
2579,19,38.0,-71.18,-36.6
2580,19,38.0,-70.78,-37.36
2581,19,38.0,-70.38,-37.5
2582,19,38.0,-69.98,-36.99
2583,19,38.0,-69.58,-36.58
2584,19,38.0,-69.18,-36.64
2585,19,38.0,-68.78,-37.21
2586,19,38.0,-68.38,-38.21
2587,19,38.0,-67.98,-39.35
2588,19,38.0,-67.58,-40.61
2589,19,38.0,-67.18,-41.36
2590,19,38.0,-66.78,-41.4
2591,19,38.0,-66.38,-41.3
2592,19,38.0,-65.98,-41.21
2593,19,38.0,-65.58,-41.34
2594,19,38.0,-65.18,-42.05
2595,19,38.0,-64.78,-42.35
2596,19,38.0,-64.38,-41.54
2597,19,38.0,-63.98,-41.08
2598,19,38.0,-63.58,-41.41
2599,19,38.0,-63.18,-41.91
2600,19,38.0,-62.78,-42.62
2601,19,38.0,-62.38,-42.78
2602,19,38.0,-61.98,-41.65
2603,19,38.0,-61.58,-40.76
2604,19,38.0,-61.18,-40.73
2605,19,38.0,-60.78,-40.58
2606,19,38.0,-60.38,-40.24
2607,19,38.0,-59.98,-40.2
2608,19,38.0,-59.58,-40.88
2609,19,38.0,-59.18,-41.25
2610,19,38.0,-58.78,-40.81
2611,19,38.0,-58.38,-40.12
2612,19,38.0,-57.98,-39.25
2613,19,38.0,-57.58,-38.35
2614,19,38.0,-57.18,-37.46
2615,19,38.0,-56.78,-36.78
2616,19,38.0,-56.38,-36.46
2617,19,38.0,-55.98,-36.17
2618,19,38.0,-55.58,-35.71
2619,19,38.0,-55.18,-35.09
2620,19,38.0,-54.78,-34.32
2621,19,38.0,-54.38,-33.52
2622,19,38.0,-53.98,-32.71
2623,19,38.0,-53.58,-31.96
2624,19,38.0,-53.18,-31.35
2625,19,38.0,-52.78,-30.85
2626,19,38.0,-52.38,-30.42
2627,19,38.0,-51.98,-30.06
2628,19,38.0,-51.58,-29.76
2629,19,38.0,-51.18,-29.4
2630,19,38.0,-50.78,-28.86
2631,19,38.0,-50.38,-28.47
2632,19,38.0,-49.98,-28.36
2633,19,38.0,-49.58,-28.25
2634,19,38.0,-49.18,-28.09
2635,19,38.0,-48.78,-27.84
2636,19,38.0,-48.38,-27.39
2637,19,38.0,-47.98,-27.06
2638,19,38.0,-47.58,-27.04
2639,19,38.0,-47.18,-26.89
2640,19,38.0,-46.78,-26.45
2641,19,38.0,-46.38,-25.81
2642,19,38.0,-45.98,-24.95
2643,19,38.0,-45.58,-24.29
2644,19,38.0,-45.18,-24.11
2645,19,38.0,-44.78,-24.22
2646,19,38.0,-44.38,-24.5
2647,19,38.0,-43.98,-24.63
2648,19,38.0,-43.58,-24.44
2649,19,38.0,-43.18,-23.96
2650,19,38.0,-42.78,-23.22
2651,19,38.0,-42.38,-22.54
2652,19,38.0,-41.98,-22.1
2653,19,38.0,-41.58,-21.97
2654,19,38.0,-41.18,-22.14
2655,19,38.0,-40.78,-22.25
2656,19,38.0,-40.38,-22.25
2657,19,38.0,-39.98,-22.22
2658,19,38.0,-39.58,-22.17
2659,19,38.0,-39.18,-22.09
2660,19,38.0,-38.78,-21.95
2661,19,38.0,-38.38,-21.97
2662,19,38.0,-37.98,-22.4
2663,19,38.0,-37.58,-22.22
2664,19,38.0,-37.18,-21.2
2665,19,38.0,-36.78,-20.14
2666,19,38.0,-36.38,-19.08
2667,19,38.0,-35.98,-18.34
2668,19,38.0,-35.58,-18.63
2669,19,38.0,-35.18,-19.7
2670,19,38.0,-34.78,-20.95
2671,19,38.0,-34.38,-22.1
2672,19,38.0,-33.98,-22.87
2673,19,38.0,-33.58,-23.05
2674,19,38.0,-33.18,-22.74
2675,19,38.0,-32.78,-22.29
2676,19,38.0,-32.38,-21.79
2677,19,38.0,-31.98,-21.4
2678,19,38.0,-31.58,-21.19
2679,19,38.0,-31.18,-20.92
2680,19,38.0,-30.78,-20.49
2681,19,38.0,-30.38,-19.97
